customer_id,customer_name,customer_segment,registration_date,total_orders,lifetime_value
265,James Cortez,Silver,2022-01-05,43,29315.30
57,Ryan Anderson,Silver,2022-04-12,40,28097.72
455,Donna Moss,Gold,2020-06-28,54,24909.02
31,Jennifer Stewart,Bronze,2023-06-01,47,24860.67
507,Patrick Kaiser,Silver,2021-09-05,52,24307.38
164,Melissa Ward,Silver,2024-08-11,45,24101.09
245,Katherine Fowler,Gold,2022-04-19,49,23798.19
508,Gary Hancock,Bronze,2023-10-11,37,23177.94
436,Eric Harrison,Gold,2021-06-30,34,23152.48
342,Anthony Schultz,Silver,2022-06-24,31,22272.03
501,Tracy Mccoy,Silver,2022-04-02,59,22195.74
491,Logan Lee,Silver,2021-03-16,33,22146.64
109,Carrie Dominguez,Bronze,2023-06-30,43,22055.70
68,Elizabeth Mills,Silver,2023-03-31,40,22029.89
386,Molly Robertson,Silver,2020-07-10,37,21910.58
282,Mark Thornton,Gold,2023-10-09,32,21800.19
592,Eric George,Gold,2023-04-26,36,21569.17
192,Debra Boyd,Silver,2023-03-27,35,21485.38
383,George Brooks,Silver,2020-09-21,40,21468.01
301,Tyler Boone,Bronze,2023-04-15,37,21329.15
249,Terri Reyes,Gold,2023-07-07,37,21293.97
145,Brandon Armstrong,Silver,2023-06-28,46,21182.68
570,Rachel Stanton,Gold,2021-06-05,37,21054.25
116,Cynthia Steele,Bronze,2023-10-15,35,20616.00
126,Valerie Peck,Bronze,2022-07-23,34,20490.56
200,David Miller,Bronze,2023-02-04,32,20455.39
255,Steven Miller,Bronze,2022-06-01,35,20146.16
365,Margaret Morrison,Silver,2020-11-05,50,20092.92
198,John Ramos,Bronze,2024-02-24,42,19879.83
41,Laura Pearson,Gold,2022-06-16,42,19837.11
42,Heather Santos,Bronze,2021-04-05,47,19639.17
403,Kevin Hodge,Gold,2020-06-20,34,19438.36
183,Michael Lambert,Bronze,2021-01-27,40,19425.28
222,Lisa Davis,Silver,2022-08-04,26,19270.74
329,Scott Perry,Bronze,2021-03-11,28,19206.72
195,Thomas Burke,Silver,2024-06-07,36,19002.57
417,Stacey Henson,Gold,2021-05-10,58,19001.56
407,Randall Evans,Platinum,2022-03-01,30,18971.24
186,Wayne Bates,Bronze,2021-09-11,39,18964.40
353,Devin Williams,Bronze,2021-08-15,46,18822.93
421,Aaron Walker,Bronze,2023-02-08,36,18749.38
303,Michael Hernandez,Gold,2021-07-21,27,18588.26
385,Cassandra Rogers,Gold,2023-10-04,27,18554.06
307,Michael Burnett,Gold,2020-09-16,46,18506.58
159,Erica Sims,Platinum,2022-03-23,26,18281.84
400,Anthony Munoz,Silver,2024-06-28,40,18281.04
345,Robin Anderson,Platinum,2022-03-20,30,18190.58
541,Mary Wiggins,Bronze,2024-11-30,52,18179.53
108,Kirsten Ward,Silver,2022-01-15,39,18150.69
401,Kirsten Martinez,Silver,2023-08-06,24,18079.88
581,David Pollard,Gold,2022-02-15,30,17731.92
225,Wendy Warren,Gold,2022-06-16,38,17718.50
344,Christopher Hale,Silver,2022-09-23,43,17692.02
314,Chloe Juarez,Silver,2021-10-21,34,17670.72
48,Paige Taylor,Bronze,2021-01-24,40,17613.12
77,Matthew Bradshaw,Platinum,2023-06-06,28,17601.48
594,Meghan Gonzalez,Silver,2024-05-28,29,17513.29
24,Adam Bell,Bronze,2023-05-06,37,17509.58
78,Robert Marshall,Silver,2020-01-17,32,17451.59
363,Kayla Wolfe,Silver,2024-03-25,32,17433.55
524,Kevin Arellano,Silver,2021-10-11,43,17418.91
459,Jeremy Oliver,Bronze,2024-06-10,20,17403.47
395,David Miller,Silver,2022-06-28,23,17400.94
587,Lindsay Collins,Bronze,2023-01-10,34,17263.82
275,Heather Russell,Platinum,2024-11-29,39,17194.58
100,Martha Porter,Gold,2021-07-24,31,17162.41
360,Christopher Walton,Bronze,2021-04-28,35,17013.39
506,Marie Villarreal,Silver,2024-08-23,27,17005.79
86,Maria Nelson,Bronze,2023-02-22,30,16949.94
278,Maria Harrison,Platinum,2022-08-17,32,16921.12
27,Tamara Higgins,Bronze,2024-03-17,42,16836.87
324,Alan Mccoy,Gold,2020-07-16,30,16772.51
435,Michael Mcdonald,Silver,2021-01-17,38,16728.40
82,Stephen Obrien,Silver,2022-11-01,30,16668.58
242,Paula Ford,Platinum,2022-10-11,22,16645.15
235,Harold Garza,Gold,2021-08-02,30,16612.64
194,Mitchell Peters,Silver,2020-08-30,35,16484.50
220,Rachel Pierce,Platinum,2020-08-25,41,16423.34
229,Phillip Moore,Silver,2020-08-28,37,16416.69
564,Tonya Chase,Silver,2021-02-18,26,16398.38
185,Anthony Perkins,Bronze,2024-09-01,37,16151.56
381,Erica Terry,Bronze,2024-11-23,36,16083.37
563,Christy Johnson,Bronze,2023-03-01,31,16005.04
487,Steven Church,Bronze,2024-07-24,21,15990.18
283,James Fox,Silver,2024-08-11,35,15897.86
190,Zachary Sullivan,Platinum,2021-01-12,38,15827.81
410,Jasmine Patrick,Gold,2023-11-26,24,15812.62
191,Brittany Hall,Gold,2020-08-21,33,15746.41
201,Alicia Henderson,Silver,2023-11-12,37,15588.07
319,Ryan Simmons,Gold,2024-01-16,44,15586.35
583,Douglas Ryan,Gold,2020-03-06,31,15579.36
2,Helen Peterson,Silver,2023-11-30,29,15378.53
49,Cory Jennings,Silver,2022-05-17,22,15309.88
71,Carrie Short,Bronze,2022-03-21,28,15303.67
224,Jeffrey Roberts,Bronze,2021-02-20,24,15267.30
203,Thomas Smith,Silver,2020-05-25,35,15203.75
408,Julie Santana,Platinum,2021-10-14,33,15180.43
361,Scott Baker,Bronze,2023-05-18,34,15178.17
127,Rodney Morales,Silver,2023-02-18,31,15149.81
169,Emily Clements,Gold,2021-10-22,22,15105.03
173,Theresa Thompson,Gold,2021-12-27,22,15021.00
88,Shawn Davidson,Silver,2020-10-30,26,14949.55
90,Sandra Barron,Silver,2021-03-06,26,14902.92
63,Matthew Miranda,Gold,2020-05-04,38,14834.60
114,Russell Smith,Bronze,2021-09-14,25,14801.74
441,Kimberly Arnold,Platinum,2023-06-13,34,14773.35
122,Nathan Mckee,Gold,2021-02-02,38,14747.70
102,Alice Allen,Platinum,2021-11-09,33,14746.87
371,Javier Horton,Platinum,2022-07-10,12,14672.82
121,Joseph Clayton,Gold,2024-10-06,34,14639.51
512,Cody Weber,Silver,2020-12-15,29,14622.97
378,Justin West,Gold,2020-04-17,37,14546.70
437,Monica Warren,Silver,2022-05-31,36,14527.98
571,Kristie Lucas,Bronze,2020-05-29,24,14329.88
539,Jacob Johnson,Silver,2020-12-24,43,14274.14
482,Catherine Mendoza,Gold,2021-10-02,37,14237.66
147,Gloria Mayer,Gold,2020-10-04,27,14228.69
464,Shawn Robinson,Platinum,2020-09-13,19,14213.41
528,Kevin Davis,Platinum,2021-12-10,50,14150.82
373,Alexis Valdez,Bronze,2022-07-11,36,14113.96
130,Angela Sloan,Gold,2024-03-03,44,14107.42
136,Rebecca Calderon,Bronze,2022-04-14,22,14101.94
475,Angela Gonzalez,Bronze,2020-06-15,22,14083.34
299,Brandy Hubbard,Bronze,2024-05-30,27,14079.91
244,James Mclean,Silver,2020-07-23,39,14033.28
350,John Peterson,Bronze,2020-05-27,27,14021.94
489,Daniel Jones,Silver,2022-08-14,29,13971.18
518,Joan Cook,Silver,2023-09-18,37,13966.85
532,Hannah Sanchez,Silver,2021-04-07,36,13954.06
369,Steven Jones,Silver,2023-06-13,31,13953.84
81,Erin Wilson,Gold,2021-03-07,20,13945.51
390,Lance Lawrence,Gold,2022-11-05,29,13943.32
287,Jessica Smith,Silver,2023-08-22,18,13938.16
439,Barbara Smith,Silver,2021-09-19,35,13920.77
454,David Flores,Gold,2020-10-04,28,13898.00
178,Jonathan Ramsey,Silver,2022-04-08,29,13885.90
412,Joshua Obrien,Bronze,2021-06-08,42,13868.51
149,Katherine Ayers,Gold,2024-04-07,25,13854.81
128,Cheryl Brown,Gold,2023-06-08,30,13779.22
315,Michael Fletcher,Silver,2023-07-02,32,13766.88
473,Nicholas Ruiz,Bronze,2020-11-11,28,13763.79
497,Amanda Lee,Silver,2022-10-29,31,13740.66
413,Crystal Guzman,Silver,2022-12-16,46,13737.59
405,Michael Williams,Silver,2024-07-30,33,13736.51
317,Zoe Meadows,Silver,2022-11-01,25,13717.16
551,Thomas Cohen,Bronze,2020-01-14,36,13669.88
264,Melissa Peterson,Silver,2024-10-13,23,13633.81
387,Rebecca Navarro,Bronze,2020-02-07,31,13592.60
333,Brian Watson,Silver,2020-02-23,39,13562.23
393,Michelle Brown,Silver,2024-08-29,41,13554.03
495,Brianna Duffy,Bronze,2022-01-19,37,13509.15
338,Elizabeth Ortiz,Bronze,2022-07-18,32,13497.79
392,Jill Leblanc,Silver,2020-09-25,24,13484.36
340,Logan Scott,Bronze,2020-11-14,30,13474.94
148,Christian Vega,Bronze,2022-02-15,30,13420.47
236,Monica Huffman,Silver,2023-09-13,25,13406.60
267,Ronald Cain,Silver,2020-01-17,22,13405.11
513,Jose Garcia,Gold,2020-10-29,20,13400.98
479,Mary Aguirre,Gold,2024-07-06,31,13369.93
277,Gregory Hansen,Bronze,2024-07-09,45,13315.85
34,Eric Thompson,Platinum,2024-12-04,27,13262.64
424,Alison Frank,Silver,2024-04-29,24,13240.11
546,Jamie Hernandez,Bronze,2024-01-11,31,13183.74
547,Monique Waller,Silver,2023-03-08,39,13140.59
503,Jeffery Fields,Silver,2020-11-01,24,13139.01
50,Joshua Riggs,Silver,2023-10-11,20,13125.55
237,Lindsey Franklin,Bronze,2022-09-18,32,13100.07
243,Perry Larson,Gold,2021-11-10,26,13036.38
151,Jason Holloway,Platinum,2020-04-16,30,13025.54
271,Darren Jacobson,Bronze,2023-07-10,16,12989.71
176,David Silva,Gold,2023-02-11,34,12954.95
347,Ashley Snyder,Bronze,2021-08-15,22,12915.05
585,Christopher Hayes,Silver,2022-07-03,26,12890.85
590,Patricia Adkins,Bronze,2021-04-30,23,12775.82
125,Justin Pugh,Bronze,2022-08-09,34,12767.14
158,Brian Hayes,Bronze,2023-03-31,46,12738.44
496,Jason Stone,Bronze,2021-02-02,31,12703.88
44,Albert Ballard,Bronze,2021-04-13,22,12698.77
343,Stephanie Ali,Bronze,2020-08-21,26,12655.77
552,Dustin Cook,Bronze,2021-11-06,53,12613.88
549,Kimberly Lee,Bronze,2022-11-21,40,12592.72
175,Alexander King,Bronze,2021-01-26,24,12553.52
199,Raymond Goodman,Silver,2021-06-25,27,12478.15
554,Joshua Wood,Bronze,2023-09-29,24,12476.64
274,Patricia Vargas,Silver,2024-03-10,29,12342.98
74,Gerald Reeves,Silver,2020-05-30,17,12307.35
341,Douglas Orozco,Silver,2021-07-11,27,12297.95
450,Anna Cruz,Bronze,2020-08-20,44,12284.30
328,Chelsea Garrison,Bronze,2023-05-14,36,12264.49
171,Stephen Lawrence,Silver,2023-03-13,30,12239.88
591,Luke Klein,Silver,2021-03-28,39,12214.81
239,Megan Brown,Bronze,2023-11-29,36,12195.78
11,Corey Pearson,Bronze,2021-12-28,20,12187.13
419,Cathy Jones,Silver,2023-09-22,31,12172.42
589,Kelly Sims,Silver,2021-10-15,38,12167.45
162,Catherine Taylor,Bronze,2024-05-21,22,12159.64
379,Eric Barber,Bronze,2021-11-06,29,12144.46
535,Cheryl Chandler,Silver,2022-04-13,24,12140.07
494,Christina Mcknight,Gold,2020-10-01,34,12108.45
18,Michael Hicks,Gold,2022-03-21,34,12090.09
445,Chris Kirk,Bronze,2020-03-12,29,12026.33
462,Melissa Hopkins,Platinum,2022-03-26,24,12015.18
134,Tami Clark,Bronze,2023-01-11,41,11984.05
322,Richard Sandoval,Platinum,2022-02-05,31,11971.20
438,Valerie Mcmillan,Bronze,2021-08-24,26,11968.07
217,Donna Williams,Bronze,2024-10-22,23,11959.45
196,Jesse Jackson,Platinum,2022-07-11,28,11922.55
101,Carlos Hernandez,Silver,2021-12-20,30,11914.36
246,Donald Bush,Gold,2022-08-19,24,11908.22
96,Ronald Simpson,Bronze,2021-06-30,25,11766.90
502,Mary Shields,Bronze,2024-01-01,28,11759.74
434,Jose Hutchinson,Silver,2024-03-02,28,11697.04
451,Carolyn Garza,Platinum,2022-03-03,33,11620.25
311,David Reeves,Silver,2021-09-09,26,11618.02
143,Brandon Kim,Bronze,2020-02-29,36,11578.55
276,Courtney Padilla,Bronze,2024-08-27,36,11566.24
427,Maria Ellison,Bronze,2023-07-17,31,11553.29
575,Emily Mckee,Platinum,2022-02-05,17,11487.28
579,Dean Cruz,Bronze,2024-09-05,22,11475.18
457,Patricia Lopez,Gold,2021-08-17,25,11471.62
216,Shawn Parsons,Bronze,2022-08-20,27,11448.20
572,Abigail Warren,Platinum,2023-01-13,26,11445.20
30,John Alvarez,Silver,2024-11-17,28,11368.87
40,Mary Carpenter,Bronze,2023-12-31,23,11276.64
85,Hannah Burns,Gold,2020-11-26,50,11271.98
266,Jill Burns,Platinum,2020-02-14,26,11232.63
531,Amy White,Bronze,2021-05-05,18,11167.51
250,Carmen Jennings,Silver,2020-03-14,16,11129.62
362,Cassandra Taylor,Platinum,2020-12-28,27,11119.82
106,Eric Price,Bronze,2023-03-26,35,11105.83
259,Sara Cole,Bronze,2023-07-30,21,11073.28
499,Mckenzie Guerrero,Bronze,2022-03-17,25,11070.88
286,Elizabeth Roberts,Gold,2023-07-25,22,11024.93
16,Mary Aguilar,Bronze,2021-07-02,37,11013.55
306,Jonathan Lawrence,Bronze,2023-04-20,24,11004.03
308,Robert Randall,Silver,2022-09-02,26,10980.93
187,April Moody,Platinum,2020-04-03,35,10847.01
25,Anne Johnson,Bronze,2022-12-19,28,10836.82
262,Chelsey White,Silver,2021-09-04,27,10787.79
188,Nicholas Solomon,Gold,2023-07-30,31,10769.37
294,Yolanda Vasquez,Platinum,2022-06-29,21,10745.84
87,Denise Gilmore,Bronze,2023-01-22,17,10744.87
206,Abigail Cole,Bronze,2024-08-19,23,10744.41
99,Leah Bowen,Bronze,2021-04-01,19,10732.77
33,Victoria Wilson,Bronze,2023-05-11,21,10704.90
163,Haley Castillo,Silver,2020-05-21,23,10644.63
288,Amy Brennan,Platinum,2021-09-15,19,10606.30
404,Zachary Cuevas,Gold,2020-10-28,14,10604.11
335,April Foster,Bronze,2021-11-26,43,10596.08
586,Michele Sosa,Gold,2021-05-16,47,10590.70
374,Dean Thompson,Bronze,2024-01-02,33,10585.38
566,Sarah Johnson,Silver,2024-01-08,27,10585.09
516,Michael Lee,Gold,2022-10-24,27,10581.08
573,Heather Bauer,Bronze,2022-08-24,22,10569.08
95,Bradley Gonzales,Silver,2024-06-30,37,10568.17
440,Amy James,Silver,2023-11-13,40,10561.07
94,Jennifer Coleman,Gold,2021-01-02,29,10525.99
418,Lindsey Mullins,Bronze,2023-06-13,24,10466.65
465,Antonio Fitzpatrick,Silver,2022-08-12,26,10463.40
137,Christine Sanchez,Gold,2021-02-27,20,10443.31
463,James Riley,Gold,2022-04-21,16,10395.64
4,Noah Mayo,Gold,2022-01-05,35,10295.58
120,Philip Thomas,Bronze,2020-02-20,17,10294.14
477,David Holmes,Silver,2023-06-19,27,10269.77
165,Mary Vaughn,Gold,2023-07-25,15,10250.14
285,Robert Peters,Platinum,2021-11-02,27,10248.27
515,Tracy Mccormick,Bronze,2022-05-07,34,10224.60
558,Edward Foley,Bronze,2022-09-06,26,10169.12
529,David Hunter,Bronze,2021-03-14,22,10161.96
61,Lisa Monroe,Gold,2023-09-17,18,10156.00
388,Christopher Graham,Platinum,2021-11-30,22,10139.44
595,Katie Lopez,Bronze,2020-11-01,43,10120.94
372,Laura Rivas,Silver,2021-10-20,29,10108.64
521,Heidi Baker,Silver,2023-06-03,22,10054.97
218,Bruce Grant,Silver,2021-08-13,21,10052.71
54,Eric Olson,Gold,2022-06-26,25,10029.27
221,Tracey Lewis,Platinum,2024-08-16,18,10021.88
559,Dominique Harris,Silver,2022-02-04,23,10013.59
461,Wesley Fischer,Silver,2020-09-22,22,10005.34
272,Pamela Thomas,Gold,2021-09-24,46,9968.64
64,John Wallace,Silver,2022-09-03,30,9917.20
304,Anita Graham,Bronze,2023-01-11,29,9890.08
92,Brian Ford,Bronze,2024-03-14,27,9836.26
110,Marie Jones,Bronze,2022-11-04,30,9832.09
53,Gloria Wells,Bronze,2022-05-14,27,9810.75
533,Julia Miller,Gold,2021-11-07,35,9805.60
270,Joshua Lee,Silver,2021-03-24,30,9767.69
268,Angela Gonzales,Gold,2023-05-26,20,9737.51
565,Jeffrey Anderson,Silver,2024-10-15,25,9711.45
599,Melissa Archer,Bronze,2021-06-06,21,9696.21
352,Sharon Logan,Silver,2023-03-25,17,9587.03
525,Mason Choi,Bronze,2021-08-12,19,9579.39
248,Tony Jones,Silver,2024-10-11,23,9574.86
150,Pamela Rivera,Gold,2021-05-31,18,9547.71
323,James Turner,Bronze,2020-05-17,28,9538.57
316,John Jimenez,Platinum,2022-02-19,21,9537.23
223,Robert Parrish,Gold,2023-06-29,27,9526.26
375,Joann Todd,Gold,2021-05-22,30,9516.09
428,Dawn Wilcox,Bronze,2020-03-16,30,9512.72
209,Gwendolyn Vasquez,Silver,2021-07-11,31,9508.93
14,Amanda Wagner,Silver,2021-03-25,21,9481.40
321,Christopher Mcdowell,Bronze,2024-02-03,25,9470.96
367,Alicia Kent,Bronze,2020-05-31,13,9446.15
212,Kimberly Jones,Platinum,2023-04-17,20,9438.97
492,Jerry Carey,Silver,2022-10-10,22,9423.98
240,Sara Mendez,Bronze,2020-03-30,24,9406.61
292,Rachel Medina,Bronze,2023-09-03,27,9381.13
397,Angela Mcbride,Bronze,2024-09-06,28,9253.71
484,Brian Bond,Bronze,2020-08-05,27,9241.14
511,April King,Bronze,2023-03-28,36,9225.20
118,Scott Robinson,Bronze,2021-11-17,9,9210.89
481,Jesse Chapman,Silver,2022-09-18,10,9188.20
517,Shawn Thompson,Bronze,2023-12-16,33,9185.78
458,Patrick Reilly,Bronze,2024-06-13,32,9147.77
261,Ashlee Coffey,Bronze,2020-11-19,17,9132.56
452,Joshua Molina,Silver,2023-12-12,22,9111.98
123,David Jones,Bronze,2021-05-14,23,9105.31
156,Danielle Alvarez,Silver,2020-12-09,27,9089.84
111,Robin Rodriguez,Bronze,2023-11-28,26,9056.75
542,Maria Hardy,Platinum,2020-08-07,25,9045.22
202,Susan Cooper,Gold,2021-08-13,35,9006.85
456,Diana Abbott,Bronze,2023-09-29,29,8924.03
204,Shannon Cook,Gold,2023-09-16,21,8914.79
115,Michael Bruce,Silver,2023-05-27,23,8883.35
398,Brandon Bautista,Silver,2022-06-21,27,8876.75
230,Renee Murphy,Gold,2022-11-08,31,8873.84
273,Cassandra Clarke,Bronze,2024-02-08,23,8845.82
180,Andre Nunez,Silver,2024-03-07,33,8842.16
370,Donald Hoover,Platinum,2023-02-09,25,8841.34
172,Robert Lynch,Gold,2022-10-09,19,8826.85
60,Michael Jones,Silver,2022-05-16,33,8806.05
366,Julia Price,Bronze,2024-06-18,21,8776.68
45,Randy Smith,Silver,2020-05-25,22,8748.30
139,Brittany Drake,Silver,2022-02-18,14,8722.58
59,Lisa Young,Platinum,2021-06-27,14,8695.89
28,Matthew Atkinson,Silver,2021-08-24,27,8691.47
480,Anthony Casey,Silver,2020-05-29,21,8680.21
476,Amy Jones,Silver,2021-06-26,14,8664.43
312,Rebecca Wood,Gold,2022-09-07,28,8582.53
320,Mckenzie Mills,Bronze,2022-04-27,22,8555.46
423,Becky Moyer,Gold,2022-01-01,34,8518.86
257,Alexis Rodriguez,Gold,2023-06-02,25,8488.05
161,Jonathan Nichols,Silver,2024-10-07,21,8487.99
281,Anna Johnson,Bronze,2020-01-29,23,8484.62
545,William Berg,Bronze,2021-11-08,20,8468.81
174,Karen Martin,Gold,2023-12-07,21,8449.88
600,Kristen Cox,Bronze,2024-09-30,28,8429.56
205,Sergio Miller,Bronze,2023-01-20,22,8387.66
97,Dennis Sanchez,Bronze,2024-11-21,19,8365.30
140,Aaron Hardin,Bronze,2024-03-23,19,8353.48
113,Kevin Patrick,Silver,2023-06-14,15,8346.40
526,Angela Rowe,Gold,2022-03-19,13,8335.20
514,Derrick Aguirre,Bronze,2023-12-05,11,8310.69
468,Steve Brown,Bronze,2022-11-27,21,8294.69
146,Amy Lopez,Silver,2023-03-01,21,8289.48
256,Austin Livingston,Gold,2023-10-28,24,8277.75
8,Monique Henderson,Silver,2020-04-03,24,8266.64
37,Daniel Martin,Bronze,2024-04-17,21,8243.47
131,Angela Smith,Silver,2024-09-16,23,8242.23
509,Kari Norton,Gold,2024-06-19,26,8230.62
70,Benjamin Lucas,Silver,2021-02-22,21,8229.81
368,Cody Hale,Gold,2022-01-25,16,8212.59
310,Andrew Johnson,Gold,2020-03-29,12,8171.23
560,Tanya Hunter,Silver,2024-03-31,23,8129.87
10,Donna Gomez,Silver,2022-07-17,23,8099.10
409,Joel Gregory,Bronze,2024-06-08,25,8088.56
568,Jeremy Ellis,Silver,2022-04-30,23,8043.66
52,Jennifer James,Bronze,2021-05-24,29,8042.98
490,Daniel Lewis,Platinum,2020-07-03,20,8029.75
380,Patrick Parker,Gold,2021-05-31,21,8021.62
396,Bryan Stout,Silver,2021-04-24,32,7996.70
107,Kelly Hughes,Silver,2020-01-04,26,7996.17
553,Krystal Nguyen,Silver,2021-06-19,17,7925.62
530,Christopher Smith,Bronze,2023-11-26,29,7917.21
166,Teresa Anderson,Bronze,2022-06-10,19,7869.26
295,Mary Hardy,Bronze,2023-11-05,18,7860.54
65,Monique Williams,Platinum,2020-04-26,31,7836.26
80,Nicole Pena,Silver,2024-02-29,19,7786.15
443,Jerry Mckinney,Gold,2024-06-28,32,7780.73
416,Melissa Phillips,Silver,2023-05-07,16,7772.22
567,Victoria Chavez,Gold,2022-07-01,36,7727.23
582,Shane Santos,Bronze,2020-11-13,38,7695.69
519,Cynthia Wilkinson,Platinum,2022-07-30,19,7686.07
377,Stephanie Williams,Silver,2022-03-04,30,7619.82
232,Kimberly Anderson,Platinum,2021-01-25,24,7605.66
527,Jessica Coleman,Bronze,2021-08-17,21,7551.16
67,Chelsea Henderson,Bronze,2022-04-06,18,7534.57
536,Tammy Welch,Silver,2022-09-04,35,7529.62
238,Dustin Johnson,Silver,2022-02-11,17,7513.61
214,Eric Townsend,Silver,2022-11-28,23,7490.54
346,Mitchell Lee,Platinum,2021-09-09,14,7458.96
83,Joseph Rios,Silver,2020-07-08,29,7436.22
142,Danielle Garcia,Silver,2021-03-27,25,7416.99
93,Debbie Fisher,Gold,2024-06-26,16,7406.84
358,Crystal Ramirez,Silver,2020-06-05,16,7394.92
280,Kristina Perez,Gold,2024-09-28,11,7373.78
227,Ana Dean,Silver,2021-09-28,23,7349.86
332,Jessica Singh,Gold,2024-04-20,23,7313.44
538,Susan Gill,Silver,2023-08-28,20,7231.01
138,Wayne Price,Bronze,2023-11-25,28,7207.07
69,Gregory Maxwell,Silver,2023-09-08,12,7201.67
233,Hailey Delacruz,Bronze,2024-11-04,33,7194.01
382,Johnny Turner,Bronze,2021-12-17,25,7186.86
425,Jason Walker,Bronze,2020-03-31,15,7171.54
170,Nathaniel Rodriguez,Gold,2021-07-25,14,7162.89
391,Dustin Ortega,Silver,2020-03-18,10,7152.55
510,Nicole Simpson,Silver,2023-05-07,19,7116.13
555,Jocelyn Krueger,Silver,2023-11-06,24,7107.59
241,James Campbell,Platinum,2022-03-01,20,7101.35
414,Jennifer Snow,Bronze,2021-09-08,14,7091.21
302,Madison Wagner,Bronze,2024-05-04,30,7051.62
124,Edward Jenkins,Silver,2024-05-13,26,7039.11
543,Heather Ellis,Silver,2023-08-06,20,6948.44
561,Michael Bautista,Bronze,2024-04-09,21,6940.27
13,Richard David,Silver,2020-11-30,18,6935.81
75,Tanner Bird,Gold,2021-12-15,19,6808.70
117,Mary Burns,Bronze,2023-09-11,31,6771.69
290,Melissa Thomas,Platinum,2023-10-05,19,6761.24
325,Bryan Orozco,Bronze,2023-02-13,34,6754.85
399,Michael Anderson,Silver,2022-10-26,22,6706.50
326,Peter Butler,Silver,2021-11-06,22,6680.77
336,Carolyn Ortiz,Silver,2023-03-05,22,6671.24
478,Larry Montgomery,Silver,2021-08-16,16,6658.81
29,John Marshall,Gold,2022-10-22,23,6608.59
279,Robert Fleming,Silver,2024-10-27,18,6600.15
446,Amy Moore,Bronze,2022-01-11,26,6571.19
144,Pamela Martin,Bronze,2024-01-23,25,6563.93
197,Michael Ochoa,Bronze,2022-05-28,24,6560.49
226,James Brooks,Silver,2023-07-14,18,6558.70
522,Taylor Johnson,Bronze,2023-02-16,21,6479.50
327,Eric Clayton,Platinum,2024-11-12,13,6437.23
103,Megan Newman,Silver,2020-12-31,26,6426.00
9,Jeffrey Jones,Bronze,2024-10-17,27,6415.37
21,John Alvarez,Bronze,2022-03-28,15,6413.64
442,Mary Stone,Silver,2020-06-02,23,6400.14
578,Susan Morris,Bronze,2023-01-05,22,6366.78
537,Samantha Anderson,Bronze,2021-10-19,23,6358.25
91,Sean Padilla,Silver,2024-05-16,17,6263.44
349,Nicole Aguirre,Silver,2022-10-21,22,6256.23
258,Jessica Jackson,Platinum,2022-10-16,20,6244.84
313,Emily Anderson,Gold,2022-10-01,26,6243.59
104,Karen Marquez,Silver,2020-08-10,28,6227.19
389,Kristen Burch,Bronze,2020-10-08,21,6208.45
79,Robert Estes,Bronze,2024-12-03,18,6179.60
432,Wendy Lawson,Gold,2024-10-31,28,6178.35
251,Laura Frazier,Gold,2021-04-10,31,6153.88
520,Sherry Parker,Gold,2023-10-16,19,6147.96
22,Dennis Marshall,Silver,2022-11-09,19,6131.72
584,Sophia Berry,Bronze,2021-05-07,6,5913.90
550,Scott Rowland,Platinum,2021-01-13,17,5901.60
466,Kenneth Ho,Silver,2023-08-03,23,5879.24
471,James Castillo,Bronze,2021-07-16,24,5856.50
298,Ashley Henry,Silver,2023-08-07,15,5839.97
597,Geoffrey Cantu,Silver,2024-07-08,35,5827.90
406,Adam Stevens,Bronze,2022-04-29,16,5807.58
576,Kelly Jenkins,Bronze,2022-02-08,20,5799.55
1,Danielle Johnson,Gold,2024-07-15,11,5789.98
384,Matthew Richards,Bronze,2023-02-18,22,5742.71
474,Tina Stokes,Gold,2021-11-22,17,5732.54
356,Bradley Johnson,Silver,2023-04-21,15,5712.67
55,Diane Jones,Silver,2020-04-13,18,5696.35
364,Eric Cisneros,Silver,2023-08-09,13,5631.19
411,Tina Walker,Silver,2022-07-07,33,5567.80
577,Matthew Jensen,Silver,2020-09-29,22,5555.97
66,Wayne Young,Silver,2020-05-20,25,5523.25
7,Samantha George,Gold,2024-12-18,26,5504.36
260,Alex Smith,Silver,2024-07-05,22,5425.33
263,Peter Hernandez,Gold,2022-07-24,13,5404.47
17,Harry Middleton,Gold,2024-11-29,14,5393.39
160,Pamela Cowan,Gold,2023-11-15,23,5369.77
469,Kevin Collins,Bronze,2023-12-23,11,5362.77
331,Richard Becker,Bronze,2023-03-21,19,5341.00
3,Janet Williams,Bronze,2024-04-12,15,5309.11
430,Susan Porter,Platinum,2022-03-26,15,5305.45
355,Heather Owens,Silver,2020-06-29,29,5297.77
562,Kathryn Brown,Silver,2022-12-12,13,5245.62
84,Bryan Taylor,Bronze,2020-01-08,15,5235.83
182,Rebecca York,Bronze,2021-10-08,17,5195.21
39,William Hill,Platinum,2021-03-09,18,5193.72
415,Troy Patel,Bronze,2022-07-25,15,5145.63
523,Thomas Rogers,Bronze,2024-04-28,17,5118.58
548,John Gill,Silver,2024-10-19,25,5085.50
449,Anthony White,Bronze,2022-01-21,16,5055.09
305,Megan Young,Bronze,2020-09-26,14,5054.15
505,Raymond Washington,Gold,2024-02-23,16,5032.94
76,Renee Brown,Bronze,2021-08-06,17,5015.90
498,Michelle Kaiser,Silver,2023-10-25,17,5012.51
46,David Ryan,Silver,2021-03-14,17,4987.36
47,Lynn Bentley,Silver,2023-03-26,21,4966.36
359,Timothy Sosa,Platinum,2021-02-01,17,4948.18
467,Anthony Wang,Silver,2022-06-05,16,4938.17
247,Holly Jensen,Bronze,2023-11-19,10,4897.64
596,James Barrett,Bronze,2022-08-27,16,4893.84
504,Bryan Williams,Bronze,2023-06-09,21,4876.14
36,Jeremy Craig,Gold,2020-06-24,13,4874.97
291,Kimberly Mora,Silver,2022-05-08,20,4824.49
330,Michael Johnson,Gold,2021-12-18,9,4824.47
56,Scott Nelson,Platinum,2020-07-10,21,4823.74
318,Deborah Best,Silver,2024-10-12,21,4796.13
426,Kathy Harrison,Gold,2024-08-27,22,4763.21
193,Alexandra Meyer,Silver,2024-07-19,19,4761.54
472,Sydney Mcdonald,Silver,2020-07-10,16,4757.61
334,Jennifer Stone,Bronze,2020-02-29,14,4675.19
293,Tyler Ward,Bronze,2021-07-26,18,4543.66
339,Sharon White,Platinum,2024-05-09,19,4462.71
189,Robert Rivera,Bronze,2023-03-21,14,4366.90
181,Amanda Taylor,Bronze,2021-07-08,19,4334.03
129,Alexandria Baker,Platinum,2024-08-28,13,4272.28
470,Brian Martinez,Gold,2021-08-04,19,4265.14
357,Mike Watson,Bronze,2024-03-07,12,4255.63
152,Joshua Colon,Platinum,2024-05-18,16,4252.06
179,Roger Garcia,Silver,2022-01-25,25,4230.68
135,John Murray,Bronze,2023-11-22,21,4216.95
73,Alyssa Sanders,Silver,2022-07-27,20,4210.48
447,Joseph Olson,Silver,2020-11-10,21,4205.22
228,Donna Alvarado,Platinum,2021-04-05,25,4196.57
154,Dawn Coleman,Bronze,2021-05-03,10,4109.75
15,Cassandra Robbins,Gold,2021-04-14,18,4097.46
534,Emily Jacobs,Platinum,2020-01-11,21,4065.95
155,Vanessa Davidson,Silver,2021-03-22,13,4063.44
593,Jeffrey Walsh,Silver,2023-02-12,16,3987.67
485,Jay Johnson,Bronze,2022-07-09,12,3960.24
23,Christopher Hernandez,Silver,2020-11-09,10,3951.76
89,Richard Davis,Platinum,2024-06-18,13,3949.65
486,Juan Fleming,Gold,2022-02-25,19,3909.72
184,Ryan Larsen,Silver,2024-04-05,7,3899.77
429,Alex Browning,Bronze,2024-12-19,11,3821.91
231,Kathy Beard,Bronze,2022-08-25,15,3798.61
26,Amber Cooke,Gold,2023-10-25,14,3792.96
12,Heather Cross,Silver,2023-06-01,13,3781.61
5,Donald Mcgee,Silver,2024-02-03,14,3755.81
51,Daniel Gordon,Gold,2022-04-04,15,3732.37
210,Zachary Marsh,Bronze,2023-05-09,11,3716.19
112,Edward Cuevas,Platinum,2023-09-23,23,3670.48
300,Rachel Adams,Bronze,2021-02-24,11,3600.20
234,Angela Black,Platinum,2021-11-27,18,3582.81
213,Crystal Williams,Bronze,2023-03-26,23,3544.54
544,Eric Walters,Silver,2024-10-08,22,3529.93
574,Jennifer Washington,Silver,2024-04-17,14,3475.41
168,Andrea Gray,Silver,2022-08-10,19,3474.73
483,Michael Jenkins,Bronze,2022-03-27,18,3460.35
488,Brandon Wilson,Gold,2021-01-23,14,3436.18
32,Travis Salas,Platinum,2023-01-09,18,3367.51
351,Samantha Ramos,Silver,2020-02-08,19,3365.50
354,Robert Gonzalez,Gold,2020-12-17,17,3354.15
284,Kyle Griffin,Bronze,2022-08-23,11,3343.73
540,Jennifer Allen,Bronze,2024-09-08,10,3335.24
252,Ryan Lawrence,Silver,2024-04-06,13,3290.96
569,Kimberly Hart,Gold,2023-10-09,10,3286.49
289,Marie Pope,Silver,2024-12-22,21,3269.18
19,April Drake,Bronze,2021-06-26,15,3264.38
420,Amy Meyers,Platinum,2020-05-18,14,3229.14
433,Christopher White,Bronze,2021-07-13,10,3227.66
105,Kayla Friedman,Silver,2022-06-12,17,3169.84
133,Elaine Anderson,Bronze,2024-01-01,12,3169.19
43,Kelly Brooks,Silver,2021-04-16,13,3137.65
132,Katherine Bennett,Silver,2022-09-19,14,3101.54
309,Lee Miller,Silver,2020-08-11,18,3062.15
35,Charles Martin,Bronze,2020-04-28,13,3057.76
444,Kimberly Lopez,Gold,2020-10-19,28,3050.60
493,Jose Spencer,Silver,2021-08-08,12,3041.23
72,Erin Cisneros,Platinum,2021-10-09,11,2975.61
431,Stephanie Hall,Gold,2020-03-15,12,2957.34
269,Shannon Allen,Gold,2024-05-07,15,2903.31
208,Stephen Curry,Bronze,2022-06-18,19,2890.19
460,Jacob Yoder,Silver,2022-01-09,22,2869.77
207,Christine Miller,Gold,2023-05-03,11,2793.03
394,Sierra Wilson,Silver,2024-01-16,14,2776.64
296,Joan Greer,Bronze,2020-05-04,12,2708.23
219,Diane Hudson,Silver,2020-03-16,14,2556.06
215,Todd Kim,Silver,2023-04-13,11,2452.78
119,Ashley Patel,Bronze,2023-10-09,21,2382.81
556,Nathaniel Knight,Bronze,2023-11-14,11,2369.31
500,Kara Smith,Gold,2022-01-18,14,2367.18
253,Charles Smith,Silver,2020-12-06,12,2337.96
588,Donald Horne,Silver,2020-10-13,15,2262.44
98,Jason Lee,Platinum,2024-07-30,13,2261.17
141,Latoya Yu,Gold,2023-01-07,10,2234.31
348,Nicole Smith,Bronze,2020-12-25,10,2196.69
177,Kristie Moore,Gold,2022-07-06,11,2176.03
211,Andrew Compton,Bronze,2023-05-21,12,2152.60
453,Ryan Jackson,Platinum,2023-11-22,10,1960.07
20,Martha Torres,Gold,2021-06-22,11,1939.73
297,Amy Cisneros,Gold,2024-10-02,16,1905.82
402,William Moore,Gold,2023-12-27,9,1856.65
580,Timothy Gonzales,Silver,2022-08-06,8,1846.31
448,Caitlyn Nelson,Gold,2022-06-28,9,1825.26
167,Elizabeth Davidson,Gold,2023-06-15,11,1645.44
337,Isaac Singh,Gold,2020-07-06,5,1534.39
62,Paul King,Platinum,2021-03-21,9,1517.68
58,George Meza,Bronze,2020-04-30,13,1260.96
557,Katie Jordan,Silver,2022-01-22,10,1209.96
6,Tasha Valencia,Silver,2020-06-10,9,1187.32
38,Kathleen Harris,Bronze,2020-12-04,7,1127.80
422,Edward Patterson,Bronze,2023-07-25,5,1043.86
157,Thomas Delacruz,Gold,2024-05-11,6,1043.05
254,Adrian Jimenez,Gold,2021-10-26,7,905.77
598,John Henry,Silver,2022-05-03,6,770.36
376,Deborah Roberts,Silver,2022-12-06,1,484.47
153,Christopher Johnson,Bronze,2021-05-21,6,478.36
