customer_id,customer_name,customer_segment,registration_date,first_order_date,last_order_date,total_orders,lifetime_value,days_since_last_order,churn_status
265,James Cortez,Silver,2022-01-05,2022-08-09,2024-12-22,12,29275.31,9,Active
57,Ryan Anderson,Silver,2022-04-12,2022-07-11,2024-12-26,13,28097.72,5,Active
455,Donna Moss,Gold,2020-06-28,2022-01-30,2024-12-06,19,24909.02,25,Active
31,Jennifer Stewart,Bronze,2023-06-01,2023-08-11,2024-12-14,18,24860.67,17,Active
508,Gary Hancock,Bronze,2023-10-11,2023-11-03,2024-10-25,11,23177.94,67,Active
436,Eric Harrison,Gold,2021-06-30,2022-11-25,2024-12-30,10,23152.48,1,Active
164,Melissa Ward,Silver,2024-08-11,2024-08-15,2024-12-26,14,23134.16,5,Active
245,Katherine Fowler,Gold,2022-04-19,2022-09-15,2024-09-29,13,22616.26,93,At Risk
342,Anthony Schultz,Silver,2022-06-24,2022-10-22,2024-11-29,10,22272.03,32,Active
501,Tracy Mccoy,Silver,2022-04-02,2022-05-14,2024-11-04,15,22195.74,57,Active
491,Logan Lee,Silver,2021-03-16,2022-03-30,2024-09-08,12,22146.64,114,At Risk
109,Carrie Dominguez,Bronze,2023-06-30,2023-07-04,2024-11-15,12,22055.70,46,Active
592,Eric George,Gold,2023-04-26,2023-09-02,2024-12-03,12,21569.17,28,Active
192,Debra Boyd,Silver,2023-03-27,2023-04-18,2024-11-19,14,21485.38,42,Active
301,Tyler Boone,Bronze,2023-04-15,2023-06-19,2024-12-08,12,21329.15,23,Active
249,Terri Reyes,Gold,2023-07-07,2023-07-08,2024-12-23,11,21293.97,8,Active
570,Rachel Stanton,Gold,2021-06-05,2022-02-07,2024-12-11,12,21054.25,20,Active
145,Brandon Armstrong,Silver,2023-06-28,2023-07-05,2024-11-14,14,20999.03,47,Active
383,George Brooks,Silver,2020-09-21,2022-01-23,2024-05-28,12,20703.03,217,Churned
116,Cynthia Steele,Bronze,2023-10-15,2023-10-18,2024-10-04,12,20616.00,88,Active
200,David Miller,Bronze,2023-02-04,2023-02-25,2024-12-07,10,20455.39,24,Active
386,Molly Robertson,Silver,2020-07-10,2022-02-06,2024-12-14,12,20291.66,17,Active
255,Steven Miller,Bronze,2022-06-01,2022-06-10,2024-08-07,11,20146.16,146,At Risk
365,Margaret Morrison,Silver,2020-11-05,2022-02-04,2024-09-19,14,20092.92,103,At Risk
198,John Ramos,Bronze,2024-02-24,2024-03-02,2024-12-21,12,19879.83,10,Active
42,Heather Santos,Bronze,2021-04-05,2022-09-22,2024-11-17,15,19639.17,44,Active
403,Kevin Hodge,Gold,2020-06-20,2023-07-30,2024-12-13,9,19438.36,18,Active
507,Patrick Kaiser,Silver,2021-09-05,2022-02-06,2024-09-15,14,19016.25,107,At Risk
195,Thomas Burke,Silver,2024-06-07,2024-06-20,2024-12-11,10,19002.57,20,Active
407,Randall Evans,Platinum,2022-03-01,2022-03-23,2024-09-12,12,18971.24,110,At Risk
186,Wayne Bates,Bronze,2021-09-11,2022-01-16,2024-12-06,15,18964.40,25,Active
303,Michael Hernandez,Gold,2021-07-21,2022-07-25,2024-07-16,8,18588.26,168,At Risk
385,Cassandra Rogers,Gold,2023-10-04,2023-11-03,2024-10-11,7,18554.06,81,Active
307,Michael Burnett,Gold,2020-09-16,2022-01-10,2024-11-02,16,18506.58,59,Active
159,Erica Sims,Platinum,2022-03-23,2022-08-02,2024-10-31,9,18281.84,61,Active
400,Anthony Munoz,Silver,2024-06-28,2024-07-14,2024-12-13,14,18281.04,18,Active
541,Mary Wiggins,Bronze,2024-11-30,2024-12-02,2024-12-30,13,18179.53,1,Active
401,Kirsten Martinez,Silver,2023-08-06,2023-10-22,2024-12-01,9,18079.88,30,Active
353,Devin Williams,Bronze,2021-08-15,2022-07-02,2024-06-04,11,17821.04,210,Churned
329,Scott Perry,Bronze,2021-03-11,2023-02-18,2024-09-03,9,17756.78,119,At Risk
581,David Pollard,Gold,2022-02-15,2022-07-06,2024-04-03,8,17731.92,272,Churned
225,Wendy Warren,Gold,2022-06-16,2022-06-30,2024-12-24,12,17718.50,7,Active
314,Chloe Juarez,Silver,2021-10-21,2022-03-06,2024-09-18,10,17670.72,104,At Risk
344,Christopher Hale,Silver,2022-09-23,2022-10-04,2024-12-29,12,17654.04,2,Active
24,Adam Bell,Bronze,2023-05-06,2023-07-07,2024-12-12,13,17509.58,19,Active
48,Paige Taylor,Bronze,2021-01-24,2022-04-19,2024-06-13,14,17480.16,201,Churned
363,Kayla Wolfe,Silver,2024-03-25,2024-04-17,2024-12-20,10,17433.55,11,Active
524,Kevin Arellano,Silver,2021-10-11,2022-01-10,2024-11-12,14,17418.91,49,Active
459,Jeremy Oliver,Bronze,2024-06-10,2024-06-19,2024-11-30,6,17403.47,31,Active
395,David Miller,Silver,2022-06-28,2023-04-06,2024-09-22,7,17400.94,100,At Risk
594,Meghan Gonzalez,Silver,2024-05-28,2024-06-18,2024-11-21,8,17213.85,40,Active
275,Heather Russell,Platinum,2024-11-29,2024-11-29,2024-12-29,11,17194.58,2,Active
100,Martha Porter,Gold,2021-07-24,2022-06-12,2024-11-10,9,17162.41,51,Active
78,Robert Marshall,Silver,2020-01-17,2022-02-04,2024-09-04,9,17129.11,118,At Risk
360,Christopher Walton,Bronze,2021-04-28,2022-03-03,2024-05-26,10,17013.39,219,Churned
506,Marie Villarreal,Silver,2024-08-23,2024-08-25,2024-12-07,10,17005.79,24,Active
86,Maria Nelson,Bronze,2023-02-22,2023-03-15,2024-11-09,11,16949.94,52,Active
278,Maria Harrison,Platinum,2022-08-17,2023-05-17,2024-06-06,9,16921.12,208,Churned
417,Stacey Henson,Gold,2021-05-10,2023-01-06,2024-11-25,16,16873.18,36,Active
27,Tamara Higgins,Bronze,2024-03-17,2024-04-26,2024-11-30,13,16836.87,31,Active
324,Alan Mccoy,Gold,2020-07-16,2022-08-02,2024-10-06,10,16772.51,86,Active
82,Stephen Obrien,Silver,2022-11-01,2022-12-06,2024-12-27,10,16668.58,4,Active
235,Harold Garza,Gold,2021-08-02,2022-02-24,2024-09-07,10,16612.64,115,At Risk
194,Mitchell Peters,Silver,2020-08-30,2022-02-04,2024-08-06,12,16484.50,147,At Risk
242,Paula Ford,Platinum,2022-10-11,2022-12-31,2024-06-18,7,16445.19,196,Churned
220,Rachel Pierce,Platinum,2020-08-25,2022-01-07,2024-07-12,12,16423.34,172,At Risk
564,Tonya Chase,Silver,2021-02-18,2022-02-11,2024-11-24,13,16398.38,37,Active
587,Lindsay Collins,Bronze,2023-01-10,2023-02-17,2024-12-23,11,16318.85,8,Active
41,Laura Pearson,Gold,2022-06-16,2022-11-27,2024-07-14,10,16166.60,170,At Risk
185,Anthony Perkins,Bronze,2024-09-01,2024-09-08,2024-12-13,13,16151.56,18,Active
381,Erica Terry,Bronze,2024-11-23,2024-11-23,2024-12-28,12,16083.37,3,Active
68,Elizabeth Mills,Silver,2023-03-31,2023-05-16,2024-09-26,12,16079.81,96,At Risk
345,Robin Anderson,Platinum,2022-03-20,2022-04-12,2024-12-27,8,16020.96,4,Active
563,Christy Johnson,Bronze,2023-03-01,2023-04-28,2024-12-29,10,16005.04,2,Active
487,Steven Church,Bronze,2024-07-24,2024-07-28,2024-09-26,7,15990.18,96,At Risk
283,James Fox,Silver,2024-08-11,2024-09-23,2024-12-24,11,15897.86,7,Active
190,Zachary Sullivan,Platinum,2021-01-12,2022-05-11,2024-08-30,12,15827.81,123,At Risk
410,Jasmine Patrick,Gold,2023-11-26,2024-01-21,2024-12-08,7,15812.62,23,Active
191,Brittany Hall,Gold,2020-08-21,2022-04-02,2024-11-04,8,15746.41,57,Active
201,Alicia Henderson,Silver,2023-11-12,2023-12-09,2024-11-22,10,15588.07,39,Active
583,Douglas Ryan,Gold,2020-03-06,2022-03-22,2024-09-25,10,15579.36,97,At Risk
49,Cory Jennings,Silver,2022-05-17,2022-05-30,2024-11-13,7,15309.88,48,Active
71,Carrie Short,Bronze,2022-03-21,2022-04-05,2024-05-25,8,15303.67,220,Churned
224,Jeffrey Roberts,Bronze,2021-02-20,2022-04-20,2023-12-21,9,15267.30,376,Churned
203,Thomas Smith,Silver,2020-05-25,2022-01-14,2024-10-30,14,15203.75,62,Active
361,Scott Baker,Bronze,2023-05-18,2023-07-03,2024-12-25,10,15178.17,6,Active
229,Phillip Moore,Silver,2020-08-28,2022-04-22,2024-02-10,13,15172.79,325,Churned
127,Rodney Morales,Silver,2023-02-18,2023-05-22,2024-11-21,13,15149.81,40,Active
169,Emily Clements,Gold,2021-10-22,2022-02-16,2024-01-04,6,15105.03,362,Churned
173,Theresa Thompson,Gold,2021-12-27,2022-01-10,2024-04-03,6,15003.02,272,Churned
88,Shawn Davidson,Silver,2020-10-30,2022-03-08,2024-12-18,10,14949.55,13,Active
90,Sandra Barron,Silver,2021-03-06,2022-04-16,2024-10-18,11,14902.92,74,Active
63,Matthew Miranda,Gold,2020-05-04,2022-01-18,2024-12-17,14,14834.60,14,Active
114,Russell Smith,Bronze,2021-09-14,2022-01-13,2024-12-17,9,14801.74,14,Active
441,Kimberly Arnold,Platinum,2023-06-13,2023-06-15,2024-08-15,11,14773.35,138,At Risk
102,Alice Allen,Platinum,2021-11-09,2022-07-08,2024-11-30,11,14746.87,31,Active
371,Javier Horton,Platinum,2022-07-10,2022-08-04,2024-11-12,5,14672.82,49,Active
512,Cody Weber,Silver,2020-12-15,2022-06-08,2024-11-17,9,14622.97,44,Active
378,Justin West,Gold,2020-04-17,2022-07-26,2024-12-15,14,14546.70,16,Active
222,Lisa Davis,Silver,2022-08-04,2022-11-21,2024-10-13,8,14488.81,79,Active
408,Julie Santana,Platinum,2021-10-14,2022-04-03,2024-09-20,10,14465.55,102,At Risk
126,Valerie Peck,Bronze,2022-07-23,2022-11-09,2024-12-20,8,14392.71,11,Active
282,Mark Thornton,Gold,2023-10-09,2023-10-26,2024-12-19,8,14352.39,12,Active
571,Kristie Lucas,Bronze,2020-05-29,2022-01-28,2024-12-30,9,14329.88,1,Active
437,Monica Warren,Silver,2022-05-31,2022-07-13,2024-07-26,11,14296.02,158,At Risk
539,Jacob Johnson,Silver,2020-12-24,2022-04-08,2024-03-18,14,14274.14,288,Churned
147,Gloria Mayer,Gold,2020-10-04,2022-02-02,2024-12-01,8,14228.69,30,Active
464,Shawn Robinson,Platinum,2020-09-13,2022-09-13,2024-05-09,8,14213.41,236,Churned
121,Joseph Clayton,Gold,2024-10-06,2024-10-12,2024-12-28,10,14204.57,3,Active
421,Aaron Walker,Bronze,2023-02-08,2023-03-16,2024-12-07,12,14144.48,24,Active
130,Angela Sloan,Gold,2024-03-03,2024-03-19,2024-12-21,15,14107.42,10,Active
136,Rebecca Calderon,Bronze,2022-04-14,2022-04-29,2024-10-19,8,14101.94,73,Active
373,Alexis Valdez,Bronze,2022-07-11,2022-09-03,2024-11-30,10,14097.78,31,Active
475,Angela Gonzalez,Bronze,2020-06-15,2022-07-30,2024-11-29,6,14083.34,32,Active
299,Brandy Hubbard,Bronze,2024-05-30,2024-05-30,2024-12-28,9,14079.91,3,Active
244,James Mclean,Silver,2020-07-23,2022-02-10,2024-11-26,12,14033.28,35,Active
350,John Peterson,Bronze,2020-05-27,2022-01-07,2024-09-25,7,14021.94,97,At Risk
122,Nathan Mckee,Gold,2021-02-02,2022-06-19,2024-08-23,11,14013.33,130,At Risk
489,Daniel Jones,Silver,2022-08-14,2023-01-08,2023-12-19,7,13971.18,378,Churned
518,Joan Cook,Silver,2023-09-18,2023-10-09,2024-12-29,12,13966.85,2,Active
532,Hannah Sanchez,Silver,2021-04-07,2022-08-15,2024-09-07,11,13954.06,115,At Risk
369,Steven Jones,Silver,2023-06-13,2023-08-17,2024-12-30,11,13953.84,1,Active
390,Lance Lawrence,Gold,2022-11-05,2022-12-03,2024-12-25,9,13943.32,6,Active
287,Jessica Smith,Silver,2023-08-22,2023-11-20,2024-12-04,7,13938.16,27,Active
454,David Flores,Gold,2020-10-04,2022-01-30,2024-08-28,11,13898.00,125,At Risk
435,Michael Mcdonald,Silver,2021-01-17,2022-01-16,2024-11-07,11,13890.57,54,Active
178,Jonathan Ramsey,Silver,2022-04-08,2022-04-23,2024-08-01,9,13885.90,152,At Risk
412,Joshua Obrien,Bronze,2021-06-08,2022-06-27,2024-10-29,12,13868.51,63,Active
149,Katherine Ayers,Gold,2024-04-07,2024-05-26,2024-12-05,8,13854.81,26,Active
473,Nicholas Ruiz,Bronze,2020-11-11,2022-01-04,2024-10-29,11,13763.79,63,Active
413,Crystal Guzman,Silver,2022-12-16,2023-01-22,2024-10-18,13,13737.59,74,Active
405,Michael Williams,Silver,2024-07-30,2024-09-13,2024-12-23,9,13736.51,8,Active
317,Zoe Meadows,Silver,2022-11-01,2022-11-24,2024-12-24,9,13717.16,7,Active
183,Michael Lambert,Bronze,2021-01-27,2022-05-16,2024-11-29,11,13688.52,32,Active
551,Thomas Cohen,Bronze,2020-01-14,2022-04-13,2024-10-28,12,13669.88,64,Active
264,Melissa Peterson,Silver,2024-10-13,2024-11-08,2024-12-25,10,13633.81,6,Active
528,Kevin Davis,Platinum,2021-12-10,2022-01-14,2024-11-16,13,13593.90,45,Active
387,Rebecca Navarro,Bronze,2020-02-07,2022-01-11,2024-12-09,11,13592.60,22,Active
333,Brian Watson,Silver,2020-02-23,2022-01-31,2024-12-19,14,13562.23,12,Active
393,Michelle Brown,Silver,2024-08-29,2024-09-27,2024-12-11,11,13554.03,20,Active
495,Brianna Duffy,Bronze,2022-01-19,2022-04-18,2024-12-02,10,13509.15,29,Active
338,Elizabeth Ortiz,Bronze,2022-07-18,2023-04-10,2024-12-08,11,13497.79,23,Active
392,Jill Leblanc,Silver,2020-09-25,2023-01-29,2024-05-23,7,13484.36,222,Churned
236,Monica Huffman,Silver,2023-09-13,2023-09-27,2024-11-02,8,13406.60,59,Active
439,Barbara Smith,Silver,2021-09-19,2022-01-05,2024-11-18,10,13396.85,43,Active
479,Mary Aguirre,Gold,2024-07-06,2024-07-18,2024-12-18,8,13369.93,13,Active
277,Gregory Hansen,Bronze,2024-07-09,2024-07-14,2024-12-15,14,13315.85,16,Active
128,Cheryl Brown,Gold,2023-06-08,2023-06-25,2024-12-28,8,13261.83,3,Active
424,Alison Frank,Silver,2024-04-29,2024-05-20,2024-12-19,8,13231.12,12,Active
340,Logan Scott,Bronze,2020-11-14,2022-05-01,2024-09-19,10,13199.48,103,At Risk
546,Jamie Hernandez,Bronze,2024-01-11,2024-01-18,2024-12-29,10,13183.74,2,Active
315,Michael Fletcher,Silver,2023-07-02,2023-08-29,2024-11-16,11,13145.67,45,Active
547,Monique Waller,Silver,2023-03-08,2023-05-04,2024-12-29,13,13140.59,2,Active
503,Jeffery Fields,Silver,2020-11-01,2022-02-14,2024-11-01,9,13139.01,60,Active
50,Joshua Riggs,Silver,2023-10-11,2023-12-29,2024-10-30,5,13125.55,62,Active
237,Lindsey Franklin,Bronze,2022-09-18,2022-12-28,2024-11-28,8,13100.07,33,Active
151,Jason Holloway,Platinum,2020-04-16,2022-04-16,2024-10-22,10,13025.54,70,Active
271,Darren Jacobson,Bronze,2023-07-10,2024-01-08,2024-10-18,6,12989.71,74,Active
108,Kirsten Ward,Silver,2022-01-15,2022-04-19,2024-06-15,11,12977.08,199,Churned
176,David Silva,Gold,2023-02-11,2023-03-24,2024-12-17,11,12954.95,14,Active
585,Christopher Hayes,Silver,2022-07-03,2022-07-03,2024-08-01,9,12890.85,152,At Risk
590,Patricia Adkins,Bronze,2021-04-30,2022-02-05,2024-08-17,8,12775.82,136,At Risk
125,Justin Pugh,Bronze,2022-08-09,2023-01-26,2024-12-21,11,12767.14,10,Active
347,Ashley Snyder,Bronze,2021-08-15,2022-03-10,2023-12-21,7,12755.09,376,Churned
158,Brian Hayes,Bronze,2023-03-31,2023-09-05,2024-12-15,14,12738.44,16,Active
343,Stephanie Ali,Bronze,2020-08-21,2022-02-22,2024-10-31,9,12655.77,61,Active
552,Dustin Cook,Bronze,2021-11-06,2022-05-07,2024-09-13,15,12613.88,109,At Risk
175,Alexander King,Bronze,2021-01-26,2022-04-27,2024-09-28,9,12553.52,94,At Risk
482,Catherine Mendoza,Gold,2021-10-02,2022-04-30,2024-10-29,10,12497.72,63,Active
199,Raymond Goodman,Silver,2021-06-25,2022-02-27,2024-07-27,9,12478.15,157,At Risk
554,Joshua Wood,Bronze,2023-09-29,2023-11-13,2024-11-16,9,12476.64,45,Active
44,Albert Ballard,Bronze,2021-04-13,2022-03-31,2024-07-27,6,12469.30,157,At Risk
74,Gerald Reeves,Silver,2020-05-30,2022-01-18,2024-12-09,5,12307.35,22,Active
450,Anna Cruz,Bronze,2020-08-20,2022-01-29,2024-09-30,14,12284.30,92,At Risk
328,Chelsea Garrison,Bronze,2023-05-14,2023-05-16,2024-11-26,11,12264.49,35,Active
171,Stephen Lawrence,Silver,2023-03-13,2023-04-02,2024-08-30,9,12239.88,123,At Risk
591,Luke Klein,Silver,2021-03-28,2022-05-01,2024-09-03,11,12214.81,119,At Risk
535,Cheryl Chandler,Silver,2022-04-13,2022-07-10,2023-12-05,7,12140.07,392,Churned
494,Christina Mcknight,Gold,2020-10-01,2022-01-17,2024-10-14,10,12108.45,78,Active
239,Megan Brown,Bronze,2023-11-29,2023-12-23,2024-12-24,11,12105.81,7,Active
18,Michael Hicks,Gold,2022-03-21,2022-03-26,2024-09-30,9,12090.09,92,At Risk
445,Chris Kirk,Bronze,2020-03-12,2022-02-15,2024-08-13,10,12026.33,140,At Risk
462,Melissa Hopkins,Platinum,2022-03-26,2022-06-11,2024-08-07,7,12015.18,146,At Risk
322,Richard Sandoval,Platinum,2022-02-05,2022-12-12,2024-07-03,10,11971.20,181,Churned
438,Valerie Mcmillan,Bronze,2021-08-24,2022-02-24,2024-12-15,8,11968.07,16,Active
217,Donna Williams,Bronze,2024-10-22,2024-10-23,2024-12-24,8,11959.45,7,Active
549,Kimberly Lee,Bronze,2022-11-21,2023-03-02,2024-09-07,11,11952.76,115,At Risk
196,Jesse Jackson,Platinum,2022-07-11,2022-09-01,2024-09-28,10,11922.55,94,At Risk
341,Douglas Orozco,Silver,2021-07-11,2022-04-10,2024-10-28,9,11871.53,64,Active
274,Patricia Vargas,Silver,2024-03-10,2024-05-13,2024-11-22,9,11784.90,39,Active
101,Carlos Hernandez,Silver,2021-12-20,2022-05-16,2024-05-15,10,11764.41,230,Churned
502,Mary Shields,Bronze,2024-01-01,2024-02-21,2024-09-14,7,11759.74,108,At Risk
311,David Reeves,Silver,2021-09-09,2022-01-22,2024-07-14,8,11618.02,170,At Risk
143,Brandon Kim,Bronze,2020-02-29,2022-01-01,2024-06-19,10,11578.55,195,Churned
575,Emily Mckee,Platinum,2022-02-05,2022-03-12,2024-12-01,5,11487.28,30,Active
579,Dean Cruz,Bronze,2024-09-05,2024-09-22,2024-11-21,7,11475.18,40,Active
457,Patricia Lopez,Gold,2021-08-17,2022-01-11,2024-10-04,10,11471.62,88,Active
216,Shawn Parsons,Bronze,2022-08-20,2022-09-12,2024-10-27,9,11448.20,65,Active
30,John Alvarez,Silver,2024-11-17,2024-11-19,2024-12-29,9,11368.87,2,Active
40,Mary Carpenter,Bronze,2023-12-31,2024-02-24,2024-10-05,6,11276.64,87,Active
85,Hannah Burns,Gold,2020-11-26,2022-07-24,2024-06-20,13,11271.98,194,Churned
589,Kelly Sims,Silver,2021-10-15,2022-01-06,2024-08-06,11,11252.52,147,At Risk
266,Jill Burns,Platinum,2020-02-14,2022-01-16,2024-07-17,8,11232.63,167,At Risk
250,Carmen Jennings,Silver,2020-03-14,2022-02-21,2024-10-12,5,11129.62,80,Active
434,Jose Hutchinson,Silver,2024-03-02,2024-03-07,2024-11-21,9,11082.74,40,Active
259,Sara Cole,Bronze,2023-07-30,2023-07-30,2024-08-23,7,11073.28,130,At Risk
499,Mckenzie Guerrero,Bronze,2022-03-17,2022-05-12,2024-09-12,9,11070.88,110,At Risk
16,Mary Aguilar,Bronze,2021-07-02,2022-05-18,2024-12-09,11,11013.55,22,Active
106,Eric Price,Bronze,2023-03-26,2023-05-17,2024-10-28,10,11005.85,64,Active
306,Jonathan Lawrence,Bronze,2023-04-20,2023-05-24,2024-12-16,8,11004.03,15,Active
308,Robert Randall,Silver,2022-09-02,2022-10-18,2024-09-08,11,10980.93,114,At Risk
379,Eric Barber,Bronze,2021-11-06,2022-05-22,2024-11-12,11,10961.01,49,Active
187,April Moody,Platinum,2020-04-03,2022-06-26,2024-11-10,10,10847.01,51,Active
243,Perry Larson,Gold,2021-11-10,2022-01-30,2024-12-08,5,10833.60,23,Active
148,Christian Vega,Bronze,2022-02-15,2022-06-19,2024-10-22,8,10810.54,70,Active
262,Chelsey White,Silver,2021-09-04,2022-02-01,2024-04-12,8,10787.79,263,Churned
188,Nicholas Solomon,Gold,2023-07-30,2023-11-19,2024-12-27,11,10769.37,4,Active
87,Denise Gilmore,Bronze,2023-01-22,2024-04-27,2024-12-25,6,10744.87,6,Active
206,Abigail Cole,Bronze,2024-08-19,2024-08-22,2024-12-12,8,10744.41,19,Active
134,Tami Clark,Bronze,2023-01-11,2023-01-30,2024-09-19,10,10711.69,103,At Risk
33,Victoria Wilson,Bronze,2023-05-11,2023-05-23,2024-12-26,10,10704.90,5,Active
163,Haley Castillo,Silver,2020-05-21,2022-01-30,2024-10-27,9,10644.63,65,Active
288,Amy Brennan,Platinum,2021-09-15,2022-04-30,2024-08-03,6,10606.30,150,At Risk
404,Zachary Cuevas,Gold,2020-10-28,2022-07-19,2024-11-21,5,10604.11,40,Active
335,April Foster,Bronze,2021-11-26,2022-01-09,2024-11-21,14,10596.08,40,Active
586,Michele Sosa,Gold,2021-05-16,2022-01-15,2024-08-20,13,10590.70,133,At Risk
99,Leah Bowen,Bronze,2021-04-01,2022-09-11,2024-06-20,6,10588.79,194,Churned
566,Sarah Johnson,Silver,2024-01-08,2024-02-21,2024-12-04,9,10585.09,27,Active
516,Michael Lee,Gold,2022-10-24,2022-11-15,2024-12-06,9,10581.08,25,Active
573,Heather Bauer,Bronze,2022-08-24,2022-10-01,2024-09-17,6,10569.08,105,At Risk
95,Bradley Gonzales,Silver,2024-06-30,2024-08-11,2024-12-24,14,10568.17,7,Active
162,Catherine Taylor,Bronze,2024-05-21,2024-07-21,2024-12-04,6,10542.15,27,Active
94,Jennifer Coleman,Gold,2021-01-02,2022-01-08,2024-12-22,11,10525.99,9,Active
276,Courtney Padilla,Bronze,2024-08-27,2024-09-05,2024-12-06,8,10500.41,25,Active
418,Lindsey Mullins,Bronze,2023-06-13,2023-11-15,2024-12-23,9,10466.65,8,Active
465,Antonio Fitzpatrick,Silver,2022-08-12,2022-11-07,2023-11-28,7,10463.40,399,Churned
137,Christine Sanchez,Gold,2021-02-27,2022-02-27,2024-11-10,9,10443.31,51,Active
497,Amanda Lee,Silver,2022-10-29,2022-11-03,2024-11-12,9,10420.69,49,Active
463,James Riley,Gold,2022-04-21,2023-02-28,2024-12-08,5,10395.64,23,Active
513,Jose Garcia,Gold,2020-10-29,2022-04-26,2024-08-07,7,10393.57,146,At Risk
4,Noah Mayo,Gold,2022-01-05,2022-01-29,2024-06-09,11,10295.58,205,Churned
120,Philip Thomas,Bronze,2020-02-20,2022-05-27,2023-10-29,6,10294.14,429,Churned
477,David Holmes,Silver,2023-06-19,2023-09-23,2024-12-13,7,10269.77,18,Active
165,Mary Vaughn,Gold,2023-07-25,2023-08-20,2024-11-11,7,10250.14,50,Active
285,Robert Peters,Platinum,2021-11-02,2022-04-14,2024-11-28,9,10248.27,33,Active
25,Anne Johnson,Bronze,2022-12-19,2023-09-28,2024-12-29,8,10226.28,2,Active
515,Tracy Mccormick,Bronze,2022-05-07,2022-07-01,2024-12-23,11,10224.60,8,Active
362,Cassandra Taylor,Platinum,2020-12-28,2022-03-01,2024-12-24,7,10223.89,7,Active
427,Maria Ellison,Bronze,2023-07-17,2023-09-19,2024-12-22,10,10209.85,9,Active
451,Carolyn Garza,Platinum,2022-03-03,2022-03-08,2024-07-09,8,10199.35,175,At Risk
558,Edward Foley,Bronze,2022-09-06,2022-10-16,2024-11-28,7,10169.12,33,Active
529,David Hunter,Bronze,2021-03-14,2022-09-11,2024-11-28,9,10161.96,33,Active
61,Lisa Monroe,Gold,2023-09-17,2024-02-23,2024-12-27,5,10156.00,4,Active
294,Yolanda Vasquez,Platinum,2022-06-29,2022-08-24,2024-04-02,7,10149.93,273,Churned
388,Christopher Graham,Platinum,2021-11-30,2022-08-04,2024-09-21,7,10139.44,101,At Risk
595,Katie Lopez,Bronze,2020-11-01,2022-01-24,2024-04-02,12,10120.94,273,Churned
372,Laura Rivas,Silver,2021-10-20,2022-06-15,2024-12-02,6,10108.64,29,Active
521,Heidi Baker,Silver,2023-06-03,2023-07-11,2024-12-25,7,10054.97,6,Active
218,Bruce Grant,Silver,2021-08-13,2022-01-24,2024-07-15,6,10052.71,169,At Risk
54,Eric Olson,Gold,2022-06-26,2023-02-12,2024-11-16,7,10029.27,45,Active
559,Dominique Harris,Silver,2022-02-04,2022-06-08,2024-09-24,8,10013.59,98,At Risk
461,Wesley Fischer,Silver,2020-09-22,2022-02-03,2024-07-28,6,10005.34,156,At Risk
272,Pamela Thomas,Gold,2021-09-24,2022-03-10,2024-10-08,14,9968.64,84,Active
64,John Wallace,Silver,2022-09-03,2022-09-05,2024-10-29,8,9917.20,63,Active
77,Matthew Bradshaw,Platinum,2023-06-06,2023-07-10,2024-08-10,7,9848.63,143,At Risk
92,Brian Ford,Bronze,2024-03-14,2024-04-23,2024-11-17,8,9836.26,44,Active
110,Marie Jones,Bronze,2022-11-04,2022-11-04,2024-11-29,10,9832.09,32,Active
53,Gloria Wells,Bronze,2022-05-14,2023-04-05,2024-08-17,9,9810.75,136,At Risk
533,Julia Miller,Gold,2021-11-07,2022-01-15,2024-05-28,12,9805.60,217,Churned
440,Amy James,Silver,2023-11-13,2023-11-26,2024-12-11,10,9783.40,20,Active
221,Tracey Lewis,Platinum,2024-08-16,2024-08-30,2024-12-28,7,9754.94,3,Active
11,Corey Pearson,Bronze,2021-12-28,2022-08-17,2024-02-28,7,9696.87,307,Churned
599,Melissa Archer,Bronze,2021-06-06,2022-08-25,2024-11-21,9,9696.21,40,Active
286,Elizabeth Roberts,Gold,2023-07-25,2024-03-04,2024-12-12,6,9624.99,19,Active
352,Sharon Logan,Silver,2023-03-25,2023-05-14,2024-11-14,6,9587.03,47,Active
525,Mason Choi,Bronze,2021-08-12,2022-04-02,2024-05-03,7,9579.39,242,Churned
248,Tony Jones,Silver,2024-10-11,2024-10-26,2024-12-19,8,9574.86,12,Active
323,James Turner,Bronze,2020-05-17,2022-01-23,2024-11-17,11,9538.57,44,Active
316,John Jimenez,Platinum,2022-02-19,2022-02-19,2024-08-18,8,9537.23,135,At Risk
223,Robert Parrish,Gold,2023-06-29,2023-08-02,2024-11-22,8,9526.26,39,Active
375,Joann Todd,Gold,2021-05-22,2022-05-15,2024-12-19,8,9516.09,12,Active
209,Gwendolyn Vasquez,Silver,2021-07-11,2022-02-04,2024-11-11,12,9508.93,50,Active
150,Pamela Rivera,Gold,2021-05-31,2023-05-15,2024-12-05,5,9497.72,26,Active
14,Amanda Wagner,Silver,2021-03-25,2022-01-20,2024-11-21,9,9481.40,40,Active
304,Anita Graham,Bronze,2023-01-11,2023-04-02,2024-12-02,7,9476.14,29,Active
321,Christopher Mcdowell,Bronze,2024-02-03,2024-03-02,2024-12-31,9,9470.96,0,Active
367,Alicia Kent,Bronze,2020-05-31,2022-01-16,2024-09-11,6,9446.15,111,At Risk
212,Kimberly Jones,Platinum,2023-04-17,2023-05-27,2024-06-02,6,9438.97,212,Churned
492,Jerry Carey,Silver,2022-10-10,2023-06-08,2024-12-21,7,9423.98,10,Active
2,Helen Peterson,Silver,2023-11-30,2023-12-04,2024-11-18,10,9423.65,43,Active
374,Dean Thompson,Bronze,2024-01-02,2024-01-15,2024-11-28,12,9258.90,33,Active
397,Angela Mcbride,Bronze,2024-09-06,2024-09-16,2024-12-30,11,9253.71,1,Active
511,April King,Bronze,2023-03-28,2023-05-11,2024-06-24,10,9225.20,190,Churned
118,Scott Robinson,Bronze,2021-11-17,2023-06-05,2024-11-21,5,9210.89,40,Active
481,Jesse Chapman,Silver,2022-09-18,2022-11-11,2024-05-31,4,9188.20,214,Churned
458,Patrick Reilly,Bronze,2024-06-13,2024-07-16,2024-12-15,8,9147.77,16,Active
261,Ashlee Coffey,Bronze,2020-11-19,2022-02-19,2024-10-04,9,9132.56,88,Active
452,Joshua Molina,Silver,2023-12-12,2024-01-08,2024-12-23,6,9111.98,8,Active
123,David Jones,Bronze,2021-05-14,2022-04-25,2024-11-18,7,9105.31,43,Active
246,Donald Bush,Gold,2022-08-19,2022-08-26,2024-11-27,7,9104.31,34,Active
517,Shawn Thompson,Bronze,2023-12-16,2024-01-01,2024-12-26,10,9095.06,5,Active
156,Danielle Alvarez,Silver,2020-12-09,2022-03-13,2024-05-08,12,9089.84,237,Churned
111,Robin Rodriguez,Bronze,2023-11-28,2023-12-01,2024-10-20,8,9056.75,72,Active
565,Jeffrey Anderson,Silver,2024-10-15,2024-10-29,2024-12-26,8,9055.52,5,Active
542,Maria Hardy,Platinum,2020-08-07,2022-01-26,2024-08-14,9,9045.22,139,At Risk
240,Sara Mendez,Bronze,2020-03-30,2022-11-21,2024-09-19,8,9022.66,103,At Risk
202,Susan Cooper,Gold,2021-08-13,2022-01-17,2024-04-16,10,8990.67,259,Churned
456,Diana Abbott,Bronze,2023-09-29,2023-10-02,2024-12-18,8,8924.03,13,Active
204,Shannon Cook,Gold,2023-09-16,2023-11-11,2024-12-05,7,8914.79,26,Active
115,Michael Bruce,Silver,2023-05-27,2023-10-25,2024-09-05,6,8883.35,117,At Risk
398,Brandon Bautista,Silver,2022-06-21,2022-06-25,2024-10-05,8,8876.75,87,Active
230,Renee Murphy,Gold,2022-11-08,2023-01-04,2024-07-19,10,8873.84,165,At Risk
273,Cassandra Clarke,Bronze,2024-02-08,2024-03-11,2024-12-03,7,8845.82,28,Active
180,Andre Nunez,Silver,2024-03-07,2024-05-07,2024-11-20,8,8842.16,41,Active
60,Michael Jones,Silver,2022-05-16,2022-05-17,2024-09-25,10,8806.05,97,At Risk
366,Julia Price,Bronze,2024-06-18,2024-07-03,2024-12-23,5,8776.68,8,Active
45,Randy Smith,Silver,2020-05-25,2022-05-13,2024-12-03,5,8748.30,28,Active
428,Dawn Wilcox,Bronze,2020-03-16,2022-05-15,2024-09-12,9,8748.29,110,At Risk
270,Joshua Lee,Silver,2021-03-24,2022-02-21,2024-08-23,8,8748.02,130,At Risk
139,Brittany Drake,Silver,2022-02-18,2023-03-18,2024-10-14,4,8722.58,78,Active
81,Erin Wilson,Gold,2021-03-07,2023-03-02,2024-10-04,6,8719.12,88,Active
59,Lisa Young,Platinum,2021-06-27,2022-11-07,2024-12-25,5,8695.89,6,Active
28,Matthew Atkinson,Silver,2021-08-24,2022-01-13,2024-10-25,7,8691.47,67,Active
480,Anthony Casey,Silver,2020-05-29,2022-11-17,2024-10-21,8,8680.21,71,Active
476,Amy Jones,Silver,2021-06-26,2022-01-09,2024-10-01,5,8664.43,91,At Risk
312,Rebecca Wood,Gold,2022-09-07,2022-10-06,2024-09-22,9,8582.53,100,At Risk
423,Becky Moyer,Gold,2022-01-01,2022-02-19,2024-12-18,11,8518.86,13,Active
257,Alexis Rodriguez,Gold,2023-06-02,2023-07-10,2024-12-02,9,8488.05,29,Active
161,Jonathan Nichols,Silver,2024-10-07,2024-10-26,2024-12-28,9,8487.99,3,Active
281,Anna Johnson,Bronze,2020-01-29,2022-02-05,2024-08-27,10,8484.62,126,At Risk
545,William Berg,Bronze,2021-11-08,2022-03-11,2024-03-25,6,8468.81,281,Churned
174,Karen Martin,Gold,2023-12-07,2023-12-17,2024-08-26,7,8449.88,127,At Risk
600,Kristen Cox,Bronze,2024-09-30,2024-10-07,2024-12-29,10,8429.56,2,Active
205,Sergio Miller,Bronze,2023-01-20,2023-03-15,2024-12-17,7,8387.66,14,Active
140,Aaron Hardin,Bronze,2024-03-23,2024-03-23,2024-10-23,6,8353.48,69,Active
113,Kevin Patrick,Silver,2023-06-14,2024-06-10,2024-12-16,5,8346.40,15,Active
526,Angela Rowe,Gold,2022-03-19,2023-12-11,2024-12-18,4,8335.20,13,Active
514,Derrick Aguirre,Bronze,2023-12-05,2024-01-14,2024-07-11,3,8310.69,173,At Risk
468,Steve Brown,Bronze,2022-11-27,2024-04-20,2024-10-05,7,8294.69,87,Active
146,Amy Lopez,Silver,2023-03-01,2023-03-16,2024-08-19,9,8289.48,134,At Risk
256,Austin Livingston,Gold,2023-10-28,2023-10-29,2024-12-23,9,8277.75,8,Active
37,Daniel Martin,Bronze,2024-04-17,2024-08-06,2024-12-11,7,8243.47,20,Active
70,Benjamin Lucas,Silver,2021-02-22,2023-02-01,2023-12-19,6,8229.81,378,Churned
368,Cody Hale,Gold,2022-01-25,2022-02-13,2023-12-12,7,8212.59,385,Churned
131,Angela Smith,Silver,2024-09-16,2024-09-22,2024-12-30,10,8207.24,1,Active
310,Andrew Johnson,Gold,2020-03-29,2022-01-01,2024-06-28,4,8171.23,186,Churned
370,Donald Hoover,Platinum,2023-02-09,2023-09-29,2024-12-28,9,8141.36,3,Active
509,Kari Norton,Gold,2024-06-19,2024-07-29,2024-12-27,8,8130.64,4,Active
560,Tanya Hunter,Silver,2024-03-31,2024-04-14,2024-11-29,8,8129.87,32,Active
409,Joel Gregory,Bronze,2024-06-08,2024-06-17,2024-12-14,8,8088.56,17,Active
568,Jeremy Ellis,Silver,2022-04-30,2022-11-03,2024-11-25,8,8043.66,36,Active
52,Jennifer James,Bronze,2021-05-24,2022-08-05,2024-08-21,7,8042.98,132,At Risk
490,Daniel Lewis,Platinum,2020-07-03,2022-01-30,2024-09-20,9,8029.75,102,At Risk
380,Patrick Parker,Gold,2021-05-31,2022-03-10,2024-08-08,8,8021.62,145,At Risk
268,Angela Gonzales,Gold,2023-05-26,2023-09-10,2024-11-10,4,8004.87,51,Active
396,Bryan Stout,Silver,2021-04-24,2022-03-21,2024-12-05,12,7996.70,26,Active
553,Krystal Nguyen,Silver,2021-06-19,2022-01-05,2024-10-30,7,7925.62,62,Active
530,Christopher Smith,Bronze,2023-11-26,2024-02-17,2024-10-28,9,7917.21,64,Active
496,Jason Stone,Bronze,2021-02-02,2022-04-04,2024-11-08,7,7905.56,53,Active
166,Teresa Anderson,Bronze,2022-06-10,2023-08-28,2024-12-28,5,7869.26,3,Active
295,Mary Hardy,Bronze,2023-11-05,2024-01-11,2024-12-25,7,7860.54,6,Active
319,Ryan Simmons,Gold,2024-01-16,2024-02-12,2024-10-08,11,7857.89,84,Active
65,Monique Williams,Platinum,2020-04-26,2022-02-26,2024-08-25,11,7836.26,128,At Risk
531,Amy White,Bronze,2021-05-05,2022-01-23,2024-12-25,5,7790.07,6,Active
107,Kelly Hughes,Silver,2020-01-04,2022-01-04,2024-04-11,7,7786.83,264,Churned
80,Nicole Pena,Silver,2024-02-29,2024-03-27,2024-10-24,5,7786.15,68,Active
443,Jerry Mckinney,Gold,2024-06-28,2024-06-28,2024-12-22,13,7780.73,9,Active
416,Melissa Phillips,Silver,2023-05-07,2023-08-07,2024-09-15,4,7772.22,107,At Risk
8,Monique Henderson,Silver,2020-04-03,2022-03-27,2024-08-24,6,7764.28,129,At Risk
419,Cathy Jones,Silver,2023-09-22,2023-10-04,2024-10-31,6,7713.45,61,Active
582,Shane Santos,Bronze,2020-11-13,2022-04-21,2024-10-21,12,7695.69,71,Active
377,Stephanie Williams,Silver,2022-03-04,2022-04-15,2024-05-26,10,7619.82,219,Churned
232,Kimberly Anderson,Platinum,2021-01-25,2022-02-17,2024-08-17,8,7605.66,136,At Risk
527,Jessica Coleman,Bronze,2021-08-17,2022-05-04,2024-12-12,6,7551.16,19,Active
536,Tammy Welch,Silver,2022-09-04,2022-09-29,2024-12-07,12,7529.62,24,Active
238,Dustin Johnson,Silver,2022-02-11,2022-02-15,2023-06-03,5,7513.61,577,Churned
214,Eric Townsend,Silver,2022-11-28,2023-05-27,2024-10-03,7,7490.54,89,Active
320,Mckenzie Mills,Bronze,2022-04-27,2023-02-11,2024-08-04,7,7468.55,149,At Risk
67,Chelsea Henderson,Bronze,2022-04-06,2022-05-10,2024-11-17,5,7463.35,44,Active
346,Mitchell Lee,Platinum,2021-09-09,2022-05-18,2023-10-07,4,7458.96,451,Churned
83,Joseph Rios,Silver,2020-07-08,2022-07-08,2024-11-27,9,7436.22,34,Active
93,Debbie Fisher,Gold,2024-06-26,2024-08-08,2024-10-23,5,7406.84,69,Active
10,Donna Gomez,Silver,2022-07-17,2023-03-28,2024-10-16,8,7399.12,76,Active
267,Ronald Cain,Silver,2020-01-17,2022-06-27,2024-07-26,7,7386.71,158,At Risk
280,Kristina Perez,Gold,2024-09-28,2024-11-01,2024-11-09,3,7373.78,52,Active
227,Ana Dean,Silver,2021-09-28,2022-05-10,2023-04-01,7,7349.86,640,Churned
332,Jessica Singh,Gold,2024-04-20,2024-05-13,2024-11-07,7,7313.44,54,Active
358,Crystal Ramirez,Silver,2020-06-05,2022-06-15,2023-11-10,3,7293.47,417,Churned
538,Susan Gill,Silver,2023-08-28,2023-09-21,2024-12-26,7,7231.01,5,Active
69,Gregory Maxwell,Silver,2023-09-08,2024-04-11,2024-12-14,4,7201.67,17,Active
233,Hailey Delacruz,Bronze,2024-11-04,2024-11-04,2024-12-25,11,7194.01,6,Active
382,Johnny Turner,Bronze,2021-12-17,2022-02-11,2023-11-22,8,7186.86,405,Churned
34,Eric Thompson,Platinum,2024-12-04,2024-12-06,2024-12-21,7,7184.73,10,Active
170,Nathaniel Rodriguez,Gold,2021-07-25,2022-04-27,2024-10-29,5,7162.89,63,Active
391,Dustin Ortega,Silver,2020-03-18,2023-05-04,2023-10-02,3,7152.55,456,Churned
555,Jocelyn Krueger,Silver,2023-11-06,2023-12-27,2024-12-21,8,7107.59,10,Active
241,James Campbell,Platinum,2022-03-01,2022-04-29,2024-12-28,6,7101.35,3,Active
414,Jennifer Snow,Bronze,2021-09-08,2022-05-27,2024-11-25,6,7091.21,36,Active
302,Madison Wagner,Bronze,2024-05-04,2024-06-01,2024-12-07,7,7051.62,24,Active
484,Brian Bond,Bronze,2020-08-05,2022-04-23,2024-01-23,7,7017.62,343,Churned
96,Ronald Simpson,Bronze,2021-06-30,2022-04-18,2023-08-23,7,7011.15,496,Churned
510,Nicole Simpson,Silver,2023-05-07,2023-09-07,2024-10-14,4,6985.10,78,Active
561,Michael Bautista,Bronze,2024-04-09,2024-08-07,2024-11-11,6,6940.27,50,Active
13,Richard David,Silver,2020-11-30,2022-03-16,2024-12-19,5,6935.81,12,Active
567,Victoria Chavez,Gold,2022-07-01,2022-09-12,2024-08-21,8,6898.32,132,At Risk
75,Tanner Bird,Gold,2021-12-15,2022-03-14,2024-07-18,7,6808.70,166,At Risk
117,Mary Burns,Bronze,2023-09-11,2023-11-08,2024-12-11,13,6771.69,20,Active
326,Peter Butler,Silver,2021-11-06,2022-03-03,2024-12-06,8,6680.77,25,Active
336,Carolyn Ortiz,Silver,2023-03-05,2023-06-01,2024-08-29,6,6671.24,124,At Risk
478,Larry Montgomery,Silver,2021-08-16,2022-05-03,2024-08-10,7,6658.81,143,At Risk
399,Michael Anderson,Silver,2022-10-26,2023-04-24,2024-10-13,8,6638.52,79,Active
279,Robert Fleming,Silver,2024-10-27,2024-10-28,2024-12-22,7,6600.15,9,Active
144,Pamela Martin,Bronze,2024-01-23,2024-04-14,2024-11-16,9,6563.93,45,Active
197,Michael Ochoa,Bronze,2022-05-28,2022-09-14,2024-09-03,7,6560.49,119,At Risk
519,Cynthia Wilkinson,Platinum,2022-07-30,2022-07-31,2024-12-27,8,6559.64,4,Active
226,James Brooks,Silver,2023-07-14,2023-08-05,2024-11-13,5,6558.70,48,Active
522,Taylor Johnson,Bronze,2023-02-16,2023-05-12,2024-12-13,8,6479.50,18,Active
327,Eric Clayton,Platinum,2024-11-12,2024-11-26,2024-12-25,6,6437.23,6,Active
103,Megan Newman,Silver,2020-12-31,2022-01-07,2024-07-19,8,6426.00,165,At Risk
9,Jeffrey Jones,Bronze,2024-10-17,2024-10-21,2024-12-30,8,6415.37,1,Active
21,John Alvarez,Bronze,2022-03-28,2022-04-14,2024-11-24,6,6413.64,37,Active
442,Mary Stone,Silver,2020-06-02,2022-01-29,2024-12-26,12,6400.14,5,Active
537,Samantha Anderson,Bronze,2021-10-19,2022-01-27,2023-07-09,7,6358.25,541,Churned
578,Susan Morris,Bronze,2023-01-05,2023-03-18,2024-11-28,7,6349.70,33,Active
138,Wayne Price,Bronze,2023-11-25,2024-03-07,2024-12-10,8,6335.69,21,Active
91,Sean Padilla,Silver,2024-05-16,2024-06-05,2024-07-10,4,6263.44,174,At Risk
349,Nicole Aguirre,Silver,2022-10-21,2023-02-20,2024-11-30,6,6256.23,31,Active
258,Jessica Jackson,Platinum,2022-10-16,2023-06-24,2024-12-25,7,6244.84,6,Active
104,Karen Marquez,Silver,2020-08-10,2022-01-06,2024-10-07,9,6227.19,85,Active
325,Bryan Orozco,Bronze,2023-02-13,2023-08-22,2024-09-29,10,6199.94,93,At Risk
79,Robert Estes,Bronze,2024-12-03,2024-12-04,2024-12-31,7,6179.60,0,Active
432,Wendy Lawson,Gold,2024-10-31,2024-11-03,2024-12-28,9,6178.35,3,Active
97,Dennis Sanchez,Bronze,2024-11-21,2024-11-27,2024-12-28,5,6157.42,3,Active
22,Dennis Marshall,Silver,2022-11-09,2022-12-13,2024-12-20,8,6131.72,11,Active
446,Amy Moore,Bronze,2022-01-11,2022-07-02,2024-03-12,9,5962.23,294,Churned
584,Sophia Berry,Bronze,2021-05-07,2022-01-23,2024-07-26,4,5913.90,158,At Risk
550,Scott Rowland,Platinum,2021-01-13,2022-06-24,2024-04-03,5,5901.60,272,Churned
572,Abigail Warren,Platinum,2023-01-13,2023-04-03,2024-11-22,8,5883.34,39,Active
466,Kenneth Ho,Silver,2023-08-03,2023-08-14,2024-09-27,8,5879.24,95,At Risk
471,James Castillo,Bronze,2021-07-16,2022-01-01,2024-07-18,9,5856.50,166,At Risk
298,Ashley Henry,Silver,2023-08-07,2023-09-25,2024-12-16,5,5839.97,15,Active
406,Adam Stevens,Bronze,2022-04-29,2022-05-06,2024-11-08,7,5807.58,53,Active
576,Kelly Jenkins,Bronze,2022-02-08,2022-08-27,2024-12-21,8,5799.55,10,Active
1,Danielle Johnson,Gold,2024-07-15,2024-07-21,2024-11-21,4,5789.98,40,Active
384,Matthew Richards,Bronze,2023-02-18,2023-03-07,2024-10-04,9,5742.71,88,Active
597,Geoffrey Cantu,Silver,2024-07-08,2024-08-22,2024-12-22,9,5732.92,9,Active
474,Tina Stokes,Gold,2021-11-22,2022-08-23,2024-04-27,6,5732.54,248,Churned
356,Bradley Johnson,Silver,2023-04-21,2024-03-08,2024-12-12,5,5712.67,19,Active
55,Diane Jones,Silver,2020-04-13,2022-03-15,2024-05-13,4,5696.35,232,Churned
425,Jason Walker,Bronze,2020-03-31,2022-07-16,2024-11-04,5,5636.66,57,Active
364,Eric Cisneros,Silver,2023-08-09,2023-11-14,2024-09-14,5,5631.19,108,At Risk
29,John Marshall,Gold,2022-10-22,2023-01-05,2024-07-06,6,5618.67,178,At Risk
543,Heather Ellis,Silver,2023-08-06,2023-10-24,2024-11-09,7,5595.02,52,Active
290,Melissa Thomas,Platinum,2023-10-05,2024-03-05,2024-11-16,6,5571.26,45,Active
411,Tina Walker,Silver,2022-07-07,2022-12-16,2024-11-01,9,5567.80,60,Active
577,Matthew Jensen,Silver,2020-09-29,2022-06-07,2024-07-12,9,5555.97,172,At Risk
7,Samantha George,Gold,2024-12-18,2024-12-18,2024-12-28,7,5504.36,3,Active
389,Kristen Burch,Bronze,2020-10-08,2022-06-16,2024-09-29,5,5496.59,93,At Risk
260,Alex Smith,Silver,2024-07-05,2024-08-14,2024-12-18,7,5425.33,13,Active
263,Peter Hernandez,Gold,2022-07-24,2022-10-22,2024-10-24,7,5404.47,68,Active
142,Danielle Garcia,Silver,2021-03-27,2023-01-21,2024-10-12,5,5404.34,80,Active
17,Harry Middleton,Gold,2024-11-29,2024-12-07,2024-12-25,5,5393.39,6,Active
160,Pamela Cowan,Gold,2023-11-15,2023-11-18,2024-10-31,9,5369.77,61,Active
469,Kevin Collins,Bronze,2023-12-23,2024-02-19,2024-10-21,5,5362.77,71,Active
331,Richard Becker,Bronze,2023-03-21,2023-05-09,2024-10-05,8,5341.00,87,Active
3,Janet Williams,Bronze,2024-04-12,2024-05-13,2024-12-16,5,5309.11,15,Active
430,Susan Porter,Platinum,2022-03-26,2022-05-13,2024-12-12,7,5305.45,19,Active
355,Heather Owens,Silver,2020-06-29,2022-05-19,2024-10-22,10,5297.77,70,Active
562,Kathryn Brown,Silver,2022-12-12,2023-01-31,2024-09-26,6,5245.62,96,At Risk
182,Rebecca York,Bronze,2021-10-08,2022-02-15,2024-12-02,5,5195.21,29,Active
251,Laura Frazier,Gold,2021-04-10,2022-01-18,2024-01-24,8,5189.73,342,Churned
415,Troy Patel,Bronze,2022-07-25,2022-10-04,2024-04-05,7,5145.63,270,Churned
523,Thomas Rogers,Bronze,2024-04-28,2024-04-29,2024-10-21,7,5118.58,71,Active
548,John Gill,Silver,2024-10-19,2024-10-25,2024-12-30,7,5085.50,1,Active
305,Megan Young,Bronze,2020-09-26,2023-04-25,2024-10-12,6,5054.15,80,Active
84,Bryan Taylor,Bronze,2020-01-08,2023-04-23,2024-10-28,5,5045.87,64,Active
505,Raymond Washington,Gold,2024-02-23,2024-05-07,2024-12-09,7,5032.94,22,Active
76,Renee Brown,Bronze,2021-08-06,2022-10-09,2024-12-23,6,5015.90,8,Active
498,Michelle Kaiser,Silver,2023-10-25,2023-11-22,2024-08-27,8,5012.51,126,At Risk
39,William Hill,Platinum,2021-03-09,2022-02-16,2023-10-10,6,4979.76,448,Churned
47,Lynn Bentley,Silver,2023-03-26,2023-07-31,2024-08-30,7,4966.36,123,At Risk
467,Anthony Wang,Silver,2022-06-05,2022-06-17,2023-02-01,5,4938.17,699,Churned
46,David Ryan,Silver,2021-03-14,2022-04-26,2024-04-04,8,4905.38,271,Churned
247,Holly Jensen,Bronze,2023-11-19,2024-10-02,2024-12-17,2,4897.64,14,Active
596,James Barrett,Bronze,2022-08-27,2023-04-03,2024-08-10,6,4893.84,143,At Risk
504,Bryan Williams,Bronze,2023-06-09,2023-07-29,2024-08-29,6,4876.14,124,At Risk
36,Jeremy Craig,Gold,2020-06-24,2022-01-17,2024-08-08,6,4874.97,145,At Risk
291,Kimberly Mora,Silver,2022-05-08,2022-10-26,2024-12-14,5,4824.49,17,Active
330,Michael Johnson,Gold,2021-12-18,2023-07-09,2024-02-05,2,4824.47,330,Churned
56,Scott Nelson,Platinum,2020-07-10,2022-05-09,2024-11-13,7,4823.74,48,Active
318,Deborah Best,Silver,2024-10-12,2024-10-17,2024-12-27,9,4796.13,4,Active
426,Kathy Harrison,Gold,2024-08-27,2024-09-14,2024-10-24,6,4763.21,68,Active
193,Alexandra Meyer,Silver,2024-07-19,2024-07-26,2024-12-26,7,4761.54,5,Active
472,Sydney Mcdonald,Silver,2020-07-10,2022-01-10,2024-11-11,6,4757.61,50,Active
313,Emily Anderson,Gold,2022-10-01,2022-12-27,2024-09-06,7,4711.71,116,At Risk
334,Jennifer Stone,Bronze,2020-02-29,2022-09-02,2024-12-07,3,4675.19,24,Active
292,Rachel Medina,Bronze,2023-09-03,2023-11-15,2024-12-07,7,4584.36,24,Active
520,Sherry Parker,Gold,2023-10-16,2023-11-28,2024-12-15,5,4530.13,16,Active
339,Sharon White,Platinum,2024-05-09,2024-05-14,2024-10-30,8,4462.71,62,Active
181,Amanda Taylor,Bronze,2021-07-08,2022-07-04,2024-10-10,7,4334.03,82,Active
129,Alexandria Baker,Platinum,2024-08-28,2024-09-19,2024-12-16,5,4272.28,15,Active
470,Brian Martinez,Gold,2021-08-04,2022-03-21,2024-11-23,8,4265.14,38,Active
357,Mike Watson,Bronze,2024-03-07,2024-07-04,2024-12-20,6,4255.63,11,Active
152,Joshua Colon,Platinum,2024-05-18,2024-06-30,2024-12-17,7,4252.06,14,Active
179,Roger Garcia,Silver,2022-01-25,2022-04-22,2024-09-13,9,4230.68,109,At Risk
135,John Murray,Bronze,2023-11-22,2023-12-15,2024-11-26,8,4216.95,35,Active
73,Alyssa Sanders,Silver,2022-07-27,2022-09-01,2024-12-09,9,4210.48,22,Active
228,Donna Alvarado,Platinum,2021-04-05,2022-02-05,2024-11-23,10,4196.57,38,Active
293,Tyler Ward,Bronze,2021-07-26,2022-08-28,2023-03-23,4,4184.66,649,Churned
154,Dawn Coleman,Bronze,2021-05-03,2023-01-29,2024-12-25,4,4109.75,6,Active
15,Cassandra Robbins,Gold,2021-04-14,2022-07-05,2024-05-29,6,4097.46,216,Churned
66,Wayne Young,Silver,2020-05-20,2022-02-21,2024-10-01,8,4048.30,91,At Risk
449,Anthony White,Bronze,2022-01-21,2022-10-21,2024-07-21,5,4030.15,163,At Risk
593,Jeffrey Walsh,Silver,2023-02-12,2023-04-14,2024-06-08,6,3987.67,206,Churned
485,Jay Johnson,Bronze,2022-07-09,2022-07-28,2024-07-07,5,3960.24,177,At Risk
23,Christopher Hernandez,Silver,2020-11-09,2023-02-10,2024-08-29,4,3951.76,124,At Risk
89,Richard Davis,Platinum,2024-06-18,2024-08-03,2024-11-18,4,3949.65,43,Active
155,Vanessa Davidson,Silver,2021-03-22,2022-01-12,2024-12-20,4,3910.47,11,Active
486,Juan Fleming,Gold,2022-02-25,2022-02-28,2024-12-09,8,3909.72,22,Active
184,Ryan Larsen,Silver,2024-04-05,2024-06-24,2024-11-10,3,3899.77,51,Active
534,Emily Jacobs,Platinum,2020-01-11,2022-12-23,2024-03-29,8,3879.01,277,Churned
429,Alex Browning,Bronze,2024-12-19,2024-12-23,2024-12-29,5,3821.91,2,Active
231,Kathy Beard,Bronze,2022-08-25,2022-11-19,2024-02-12,5,3798.61,323,Churned
26,Amber Cooke,Gold,2023-10-25,2023-10-31,2024-08-13,5,3792.96,140,At Risk
12,Heather Cross,Silver,2023-06-01,2023-06-05,2024-05-06,5,3781.61,239,Churned
5,Donald Mcgee,Silver,2024-02-03,2024-05-21,2024-11-18,6,3755.81,43,Active
51,Daniel Gordon,Gold,2022-04-04,2022-04-29,2024-11-16,7,3732.37,45,Active
210,Zachary Marsh,Bronze,2023-05-09,2023-10-20,2024-06-18,3,3716.19,196,Churned
172,Robert Lynch,Gold,2022-10-09,2023-05-11,2024-08-11,6,3628.22,142,At Risk
300,Rachel Adams,Bronze,2021-02-24,2023-12-13,2024-11-21,4,3600.20,40,Active
234,Angela Black,Platinum,2021-11-27,2022-09-24,2024-12-21,8,3582.81,10,Active
213,Crystal Williams,Bronze,2023-03-26,2023-04-11,2024-10-31,8,3544.54,61,Active
544,Eric Walters,Silver,2024-10-08,2024-10-13,2024-12-16,7,3529.93,15,Active
124,Edward Jenkins,Silver,2024-05-13,2024-06-05,2024-12-21,6,3504.21,10,Active
112,Edward Cuevas,Platinum,2023-09-23,2023-12-24,2024-10-15,5,3487.52,77,Active
574,Jennifer Washington,Silver,2024-04-17,2024-05-09,2024-07-19,4,3475.41,165,At Risk
168,Andrea Gray,Silver,2022-08-10,2023-10-02,2024-11-01,5,3474.73,60,Active
483,Michael Jenkins,Bronze,2022-03-27,2022-03-31,2024-08-02,6,3460.35,151,At Risk
488,Brandon Wilson,Gold,2021-01-23,2022-12-04,2023-10-25,3,3436.18,433,Churned
32,Travis Salas,Platinum,2023-01-09,2023-02-25,2024-10-07,8,3367.51,85,Active
351,Samantha Ramos,Silver,2020-02-08,2022-10-14,2024-05-19,7,3365.50,226,Churned
354,Robert Gonzalez,Gold,2020-12-17,2022-06-07,2024-01-02,7,3354.15,364,Churned
189,Robert Rivera,Bronze,2023-03-21,2023-07-07,2024-11-06,4,3352.03,55,Active
284,Kyle Griffin,Bronze,2022-08-23,2023-02-18,2024-11-30,6,3343.73,31,Active
540,Jennifer Allen,Bronze,2024-09-08,2024-10-01,2024-12-26,4,3335.24,5,Active
252,Ryan Lawrence,Silver,2024-04-06,2024-05-14,2024-09-13,6,3290.96,109,At Risk
569,Kimberly Hart,Gold,2023-10-09,2023-12-06,2024-12-15,4,3286.49,16,Active
289,Marie Pope,Silver,2024-12-22,2024-12-22,2024-12-31,8,3269.18,0,Active
19,April Drake,Bronze,2021-06-26,2022-01-12,2024-11-28,7,3264.38,33,Active
420,Amy Meyers,Platinum,2020-05-18,2022-08-08,2024-08-18,6,3229.14,135,At Risk
433,Christopher White,Bronze,2021-07-13,2022-02-13,2023-08-04,4,3227.66,515,Churned
105,Kayla Friedman,Silver,2022-06-12,2022-12-17,2024-04-25,6,3169.84,250,Churned
133,Elaine Anderson,Bronze,2024-01-01,2024-01-29,2024-11-06,4,3169.19,55,Active
43,Kelly Brooks,Silver,2021-04-16,2022-01-28,2024-06-01,5,3137.65,213,Churned
132,Katherine Bennett,Silver,2022-09-19,2023-10-17,2024-06-01,5,3101.54,213,Churned
309,Lee Miller,Silver,2020-08-11,2022-02-07,2024-12-04,10,3062.15,27,Active
35,Charles Martin,Bronze,2020-04-28,2023-05-12,2024-08-02,7,3057.76,151,At Risk
444,Kimberly Lopez,Gold,2020-10-19,2023-01-19,2024-11-30,10,3050.60,31,Active
493,Jose Spencer,Silver,2021-08-08,2023-04-09,2023-10-18,5,3041.23,440,Churned
72,Erin Cisneros,Platinum,2021-10-09,2022-04-16,2024-05-09,6,2975.61,236,Churned
431,Stephanie Hall,Gold,2020-03-15,2022-04-03,2024-07-13,4,2957.34,171,At Risk
269,Shannon Allen,Gold,2024-05-07,2024-06-07,2024-10-13,8,2903.31,79,Active
208,Stephen Curry,Bronze,2022-06-18,2022-06-21,2024-12-02,8,2890.19,29,Active
460,Jacob Yoder,Silver,2022-01-09,2022-04-04,2024-04-14,8,2869.77,261,Churned
207,Christine Miller,Gold,2023-05-03,2023-07-18,2023-11-25,5,2793.03,402,Churned
394,Sierra Wilson,Silver,2024-01-16,2024-02-17,2024-12-15,5,2776.64,16,Active
296,Joan Greer,Bronze,2020-05-04,2022-02-16,2024-04-07,5,2708.23,268,Churned
219,Diane Hudson,Silver,2020-03-16,2022-06-27,2024-09-04,6,2556.06,118,At Risk
215,Todd Kim,Silver,2023-04-13,2023-08-14,2024-12-29,4,2452.78,2,Active
556,Nathaniel Knight,Bronze,2023-11-14,2023-12-15,2024-12-28,5,2369.31,3,Active
500,Kara Smith,Gold,2022-01-18,2022-04-09,2024-02-05,3,2367.18,330,Churned
253,Charles Smith,Silver,2020-12-06,2022-09-05,2024-09-11,5,2337.96,111,At Risk
588,Donald Horne,Silver,2020-10-13,2022-08-04,2024-09-23,6,2262.44,99,At Risk
98,Jason Lee,Platinum,2024-07-30,2024-09-29,2024-11-25,3,2261.17,36,Active
141,Latoya Yu,Gold,2023-01-07,2023-08-31,2024-05-24,3,2234.31,221,Churned
348,Nicole Smith,Bronze,2020-12-25,2022-10-18,2024-07-28,4,2196.69,156,At Risk
177,Kristie Moore,Gold,2022-07-06,2022-10-13,2024-06-08,4,2176.03,206,Churned
211,Andrew Compton,Bronze,2023-05-21,2023-12-09,2024-03-29,4,2152.60,277,Churned
359,Timothy Sosa,Platinum,2021-02-01,2022-05-17,2024-08-01,5,2064.26,152,At Risk
453,Ryan Jackson,Platinum,2023-11-22,2023-12-19,2024-09-07,4,1960.07,115,At Risk
20,Martha Torres,Gold,2021-06-22,2022-02-07,2024-11-18,5,1939.73,43,Active
297,Amy Cisneros,Gold,2024-10-02,2024-10-13,2024-12-14,5,1905.82,17,Active
119,Ashley Patel,Bronze,2023-10-09,2023-11-17,2024-09-21,8,1868.85,101,At Risk
448,Caitlyn Nelson,Gold,2022-06-28,2022-10-31,2023-08-13,3,1825.26,506,Churned
580,Timothy Gonzales,Silver,2022-08-06,2023-06-30,2024-06-24,2,1808.32,190,Churned
167,Elizabeth Davidson,Gold,2023-06-15,2023-08-23,2024-11-24,4,1645.44,37,Active
337,Isaac Singh,Gold,2020-07-06,2023-05-20,2024-10-22,3,1534.39,70,Active
62,Paul King,Platinum,2021-03-21,2022-10-11,2023-10-25,4,1517.68,433,Churned
447,Joseph Olson,Silver,2020-11-10,2022-05-30,2024-12-11,5,1465.67,20,Active
58,George Meza,Bronze,2020-04-30,2022-10-20,2023-11-10,4,1260.96,417,Churned
557,Katie Jordan,Silver,2022-01-22,2022-02-20,2023-04-27,3,1209.96,614,Churned
38,Kathleen Harris,Bronze,2020-12-04,2022-04-25,2024-05-05,4,1127.80,240,Churned
157,Thomas Delacruz,Gold,2024-05-11,2024-06-07,2024-09-19,2,1043.05,103,At Risk
254,Adrian Jimenez,Gold,2021-10-26,2022-08-04,2022-09-05,2,905.77,848,Churned
402,William Moore,Gold,2023-12-27,2024-10-28,2024-11-02,2,827.25,59,Active
598,John Henry,Silver,2022-05-03,2023-02-26,2024-10-24,4,770.36,68,Active
6,Tasha Valencia,Silver,2020-06-10,2022-07-06,2024-06-29,3,766.88,185,Churned
422,Edward Patterson,Bronze,2023-07-25,2023-11-03,2024-02-15,2,505.95,320,Churned
376,Deborah Roberts,Silver,2022-12-06,2024-08-13,2024-08-13,1,484.47,140,At Risk
153,Christopher Johnson,Bronze,2021-05-21,2023-09-10,2024-10-24,3,478.36,68,Active
